1,2005,N4,"聴解スクリプト： \
男の子とお母さんが話しています。お母さんは何を渡しましたか。 \
男の子： お母さん、行って来ます。 \
お母さん： ああ、ちょっと待って。これを被って 行きなさい。 \
男の子： ええ、どうして。 お母さん： まだ風邪引いているでしょう。 \
男の子： はい。 ",D,A,B,C,D,"Un garçon et sa mère parlent. Qu’est-ce que la mère a donné ? \
Le garçon : Maman, je vais y aller. \
La mère : Ah, attends un peu. Mets ça avant de partir. \
Le garçon : Euh, pourquoi ? \
La mère : Tu es encore enrhumé, non ? \
Le garçon : Oui.",2005_N4_2.jpg
2,2005,N4,"聴解スクリプト：\
先生が生徒に話しています。生徒は明日何を持っていきますか。\
 先生： 皆さん、明日は旅行ですね。飲み物を忘れないでください。それから雨が降 るかもしれませんから傘も持ってきてください。\
お菓子は持ってこないでください。いいですか。 ",C,A,B,C,D,"Professeur : Tout le monde, demain c’est le voyage. N’oubliez pas vos boissons. Ensuite, comme il pourrait pleuvoir, apportez aussi un parapluie. \
Ne prenez pas de friandises. D'accord ?",2005_N4_3.jpg
3,2005,N4,"聴解スクリプト： 女の子がお店の人と話しています。女の子はどの財布を買いましたか。 \
女の子： すみません。三千円ぐらいの財布はありませんか。 \
店の人： 三千 円ですか。この四つですね。色は黒と白だけですが、この丸いのが可愛いですよ。 \
女の子： う～ん、丸いのはあまり好きじゃないから、これかこれです ね。じゃ、この黒いのをください。\
 店の人： ありがとうございます。  ",C,A,B,C,D,"Une fille parle avec un vendeur. Quel portefeuille a-t-elle acheté ? \
Fille : Excusez-moi, n’avez-vous pas un portefeuille autour de 3000 yens ? \
Vendeur : 3000 yens ? Il y a ces quatre-là. Les couleurs sont seulement noir et blanc, mais celui qui est rond est mignon. \
Fille : Hmm, je n’aime pas trop les ronds, donc ce sera celui-ci ou celui-là. Bon, je vais prendre le noir. \
Vendeur : Merci beaucoup",2005_N4_4.jpg
4,2005,N4,"聴解スクリプト： \
男の人が外国語で女の人と電話で話しています。\
女の人の国は今何時ですか。 \
男性： 今、そっちは何時？ 女性： 8 時50 分。 \
男性： へえ、日本も今 8時50 分だよ。 \
女性： ええ？同じ？ \
男性： でも、こっちは夜だよ。夜の8 時50分。 \
女性： 何だ。  ",A,A,B,C,D,"Un homme parle au téléphone en langue étrangère avec une femme. Quelle heure est-il dans le pays de la femme ? \
Homme : Quelle heure est-il là-bas ? \
Femme : 8 h 50. Homme : Ah, il est aussi 8 h 50 au Japon. \
Femme : Hein ? La même heure ? \
Homme : Oui, mais ici, c’est le soir. Il est 8 h 50 du soir. \
Femme : Ah, d’accord.",2005_N4_5.jpg
5,2005,N4,"聴解スクリプト： \
女の人と男の人が話しています。\
男の人は毎日会社までどうやって行きますか。 \
女性： 毎日会社までどうやって行きますか。 \
男性： 駅まで自転車で 行って、ええ、それから電車で南駅まで行きます。 \
女性： 南駅から会社までは歩いていきますか。 \
男性： いいえ、少し遠いですから、バスで行きます。 ",B,A,B,C,D,"Une femme et un homme parlent. Comment l’homme se rend-il chaque jour à son entreprise ?\
Femme : Comment allez-vous à votre entreprise chaque jour ? \
Homme : Je vais jusqu’à la gare à vélo, puis je prends le train jusqu’à la gare Sud. \
Femme : Depuis la gare Sud, vous allez à pied jusqu’à votre entreprise ? \
Homme : Non, c’est un peu loin, alors j’y vais en bus.",2005_N4_6.jpg
6,2005,N4,"聴解スクリプト： \
女の子がお爺さんと話しています。女の子はいつ電話しますか。 \
女の子： じゃ、おじいちゃん、私明後日東京に着いたらすぐ電話する。 \
おじいさん： じゃ、七日だな。 \
女の子： 違うよ、おじいちゃん。今日は四日よ。だから明後日は六日。 \
おじいさん： お～、そうか。じゃあ、明後日。 \
女の子： うん。 ",A,A,B,C,D,"Une fille parle avec son grand-père. Quand appellera-t-elle ? \
Fille : Alors, grand-père, je t’appellerai dès que j’arriverai à Tokyo après-demain. \
Grand-père : Ah, donc le sept ? \
Fille : Non, papi ! Aujourd’hui on est le quatre. Donc après-demain, c’est le six. \
Grand-père : Oh, c’est vrai. D’accord, après-demain alors. \
Fille : Oui.",2005_N4_7.jpg
7,2005,N4,"聴解スクリプト： \
女の人と男の人が話しています。女の人はどのコートがほしいですか。 \
女性： あのコートいいよね。 \
男性： どれ？ 女性： あの、長くて白いの。 \
男 性： ポケットがあるコート？ \
女性： 違う。大きいボタンのあるコート。  ",A,A,B,C,D,"Une femme et un homme parlent. Lequel des manteaux la femme veut-elle ? \
Femme : Ce manteau-là est joli, non ?\
 Homme : Lequel ? \
Femme : Celui qui est long et blanc. \
Homme : Le manteau avec des poches ? \
Femme : Non, celui avec de gros boutons.",2005_N4_8.jpg
8,2005,N4,"聴解スクリプト： \
男の人が自転車の鍵を捜しています。鍵はどこにありましたか。 \
男性： あれ、鍵がない。 \
女性： 自転車の鍵？ 男性： 見た？ \
女性： さっき、テーブル の上にあったけど。 \
男性： ないよ。 \
女性： あ、椅子の上に置いたんだ。ほら、本棚の横の椅子。 \
男性： ああ、あった。  ",B,A,B,C,D,"Un homme cherche la clé de son vélo. Où était-elle ? \
Homme : Tiens, ma clé a disparu. \
Femme : La clé du vélo ? Homme : Tu l’as vue ? \
Femme : Tout à l’heure, elle était sur la table. \
Homme : Non, elle n’y est pas. \
Femme : Ah, je l’ai posée sur la chaise. Regarde, la chaise à côté de la bibliothèque. \
Homme : Ah, la voilà.  ",2005_N4_9.jpg
9,2005,N4,"聴解スクリプト： \
男の人と女の人が話しています。昨日、二人で一緒に何をしましたか。 \
男性： 昨日のテニス、楽しかったですね。 \
女性： ええ、でも、ちょっと疲れまし た。 \
男性： 僕はあの後、サッカーをして、夜は皆でお酒を飲みに行きました。 \
女性： 元気ですね。私はテニスの後、買い物をして帰りました。 \
1 テニス をしました。 \
2 お酒を飲みました。 \
3 サッカーをしました。 \
4 買い物をしました。 ",A,A,B,C,D,"Un homme et une femme parlent. Qu’ont-ils fait ensemble hier ? \
Homme : Le tennis d’hier, c’était amusant, non ? \
Femme : Oui, mais j’étais un peu fatiguée. Homme : Après ça, j’ai joué au football et le soir, je suis sorti boire avec tout le monde. \
Femme : Quelle énergie ! Moi, après le tennis, j’ai fait les courses et je suis rentrée chez moi.  \
Question : Qu’ont-ils fait ensemble hier ? \
Ils ont joué au tennis.\
J’ai joué au tennis. \
J’ai bu de l’alcool.\
J’ai joué au football. \
J’ai fait des courses.",SansImage.jpg
10,2005,N4,"聴解スクリプト：男の人と女の人が話しています。男の人は何を買ってきましたか。 \
 男性： ただいま。買ってきたよ。  \
女性： はい、ありがとう。あれ、これ牛肉じゃな い？  \
男性： うん、牛肉だよ。ええ、豚肉だった？ \
女性： 私、鶏肉も頼んだんだけど。  \
男性： ええ、そうだった？ 女性： そうよ。 \
1 牛肉です  \
2 豚肉です  \
3 鶏肉です  \
3 牛乳です ",B,A,B,C,D,"Un homme et une femme parlent. Qu’est-ce que l’homme a acheté ? \
Homme : Je suis rentré. J’ai acheté ce que tu voulais. \
Femme : Merci. Tiens… ce n’est pas du bœuf, ça ? \
Homme : Si, c’est du bœuf. Ah… tu voulais du porc ? \
Femme : J’avais aussi demandé du poulet. \
Homme : Ah, vraiment ? \
Femme : Oui.  \
Réponses possibles :  \
C’est du bœuf.  \
C’est du porc.  \
C’est du poulet.  \
C’est du lait.  \
Bonne réponse : 1. 牛肉です﻿ (C’est du bœuf.)",SansImage.jpg
11,2005,N4,"男の人と女の人が会社で話しています。今、どんな天気ですか。 \
男性： おはようございます。寒いですね。 \
女性： 本当。天気も悪いですね。雨は降 っていますか。 \
男性： いいえ、まだ降っていません。でも、夜から雪ですよ。テレビで言っていました。 \
1 晴れです \
2 雨です \
3 曇りです \
4 雪です ",C,A,B,C,D,"Un homme et une femme parlent au travail. Quel temps fait-il maintenant ? \
Homme : Bonjour. Il fait froid, n’est-ce pas ? \
Femme : Oui, vraiment. Le temps est mauvais aussi. Il pleut ?\
Homme : Non, pas encore. Mais il va neiger ce soir, c’est ce qu’ils ont dit à la télé.  \
Question : Quel temps fait-il maintenant ?  \
1 Il fait beau.   \
2 Il pleut.  \
3 Il fait nuageux.  \
4 Il neige.  \
Bonne réponse : \
3. 曇りです﻿ (Il fait nuageux.)",SansImage.jpg
12,2005,N4,"聴解スクリプト：\
男の人と女の人が話しています。男の人はどうしますか。 \
男性： 木村さん、申し子と終わりました？ \
女性： いいえ、まだです。でも、今日はもう疲れた から帰ります。 \
男性： あのう、映画の切符が二枚あるんですけど、今から一緒に行きませんか。この切符、今日までなんです。 \
女性： すみません。今日 はちょっと。 \
男性： そうですか。残念だなあ。じゃあ、一人で行きます。 \
女性： すみません。 \
男性： いえいえ。 \
1 女の人と仕事をします \
2 一人で仕事 をします \
3 女の人と映画を見ます \
4 一人で映画を見ます ",D,A,B,C,D,"Un homme et une femme parlent. Que va faire l’homme ? \
Homme : Mademoiselle Kimura, avez-vous fini votre travail ? \
Femme : Non, pas encore. Mais je suis fatiguée, alors je rentre chez moi aujourd’hui. \
Homme : Euh… j’ai deux billets de cinéma. Vous voulez venir avec moi maintenant ? Ces billets sont valables seulement jusqu’à aujourd’hui. \
Femme : Désolée, pas aujourd’hui. Homme : Ah, d’accord, quel dommage. Alors, j’irai seul. \
Femme : Je suis désolée. Homme : Non, non, ce n’est rien.  \
Question : Que va faire l’homme ?  \
Travailler avec la femme.  \
Travailler seul.  \
Aller au cinéma avec la femme.  \
Aller au cinéma seul.  \
Bonne réponse : 4. 一人で映画を見ます﻿ (Il va au cinéma seul.)",SansImage.jpg
13,2005,N4,"聴解スクリプト： 男の人と女の人が話しています。服は誰のですか。 \
女性： その服、素敵ですね。 \
男性： ありがとうございます。でも、これ、僕のじゃないんです。 \
女 性： あら、そうなんですか。じゃ、お兄さんか弟さんのですか。 \
男性： いいえ、父のです。 女性： ええ、そうですか。 \
1 この男の人のです \
2 この男の人 のお父さんのです \
3 この男の人のお兄さんのです \
4 この男の人の弟さんのです ",B,A,B,C,D,"Un homme et une femme parlent. À qui sont les vêtements ? \
Femme : Ces vêtements sont jolis, n’est-ce pas ? \
Homme : Merci beaucoup. Mais ce ne sont pas les miens. \
Femme : Ah bon ? Alors, ils sont à votre grand frère ou à votre petit frère ? \
Homme : Non, ils sont à mon père. \
Femme : Ah, je vois.  \
Réponses : \
 Ils sont à cet homme.  \
Ils sont au père de cet homme.  \
Ils sont à son frère aîné.  \
Ils sont à son frère cadet.  \
Bonne réponse : 2. この男の人のお父さんのです﻿ (Ils sont au père de cet homme.)",SansImage.jpg
14,2005,N4,"聴解スクリプト：女の人と男の人が話しています。女の人は何人家族ですか。\
 女性： 佐藤さんは何人家族ですか。 \
男性： 両親と私の三人家族です。飯田さんは？ \
女性： はい、両親と兄が一人と姉が一人と私です。 \
男性： ああ、そうですか。 \
1 三人家族です \
2 四人家族です \
3 五人家族です \
4 六人家族です ",C,A,B,C,D,"Une femme et un homme parlent. De combien de personnes est composée la famille de la femme ? \
Femme : Monsieur Satō, de combien de personnes est votre famille ? \
Homme : Nous sommes trois : mes parents et moi. Et vous, madame Iida ? \
Femme : Eh bien, mes parents, un grand frère, une grande sœur et moi. \
Homme : Ah, je vois.  \
Réponses :  \
Famille de trois personnes  \
Famille de quatre personnes  \
Famille de cinq personnes  \
Famille de six personnes  \
Bonne réponse : 3. 五人家族です﻿ (Famille de cinq personnes.)",SansImage.jpg
15,2005,N4,"聴解スクリプト： ７．男の人と女の人が学校で話しています。男の人は何枚コピーしますか。 \
男性： 先生、このテストの問題は何枚コピーしますか。 \
女性： そうですね。学 生は全部で30人ですが、それより10枚多くコピーしてください。 \
男性： 分かりました。 \
1 10 枚です \
2 20 枚です \
3 30 枚です \
4 40 枚です",D,A,B,C,D,"Un homme et une femme parlent à l’école. Combien de copies l’homme va-t-il faire ? \
Homme : Professeur, combien de copies faut-il faire pour ce test ? \
Femme : Alors… Il y a 30 étudiants, mais faites-en 10 de plus que ça. \
Homme : D’accord.  \
Réponses :  \
10 copies  \
20 copies  \
30 copies  \
40 copies  \
Bonne réponse : 4. 40枚です﻿ (40 copies.)",SansImage.jpg
16,2005,N4,"聴解スクリプト： ８．男の人が女の人に部屋を見せています。女の人はどうしてこの部屋が好きではありませんか。 \
男性： この部屋はどうですか。 女性： 新しくてきれい ですね。 \
男性： はい、駅からは遠いですけど。 \
女性： それは大丈夫です。でも、暗いですね。明るい部屋がいいですけど。 \
男性： じゃ、もう一つ部屋を 見に行きますか。ちょっと古いですが、明るいですよ。 \
女性： はい、お願いします。 \
1 駅から遠いからです \
2 高いからです \
3 古いからです \
4 暗いから です ",D,A,B,C,D,"Un homme montre une chambre à une femme. Pourquoi la femme n’aime-t-elle pas cette chambre ? \
Homme : Que pensez-vous de cette chambre ? \
Femme : Elle est neuve et jolie. \
Homme : Oui, mais elle est loin de la gare. \
Femme : Ce n’est pas un problème, mais elle est sombre. Je préfère une chambre lumineuse. \
Homme : Voulez-vous voir une autre chambre ? Elle est un peu ancienne, mais lumineuse. \
Femme : Oui, je veux bien.  \
Réponses :  \
Parce qu’elle est loin de la gare  \
Parce qu’elle est chère  \
Parce qu’elle est ancienne  \
Parce qu’elle est sombre  \
Bonne réponse : 4. 暗いからです﻿ (Parce qu’elle est sombre.)",SansImage.jpg
17,1991,N3,"聴解スクリプト： (1) 正しく置いてあるのはどれですか。 \
男：この花、どこにおきますか。 \
女：ええと、花は、丸いテーブルの上です。 \
男：果物、花の傍でいいですか。 \
女： ええと、いえ、果物はもう一つのテーブルに載せてください。 正しく置いてあるのはどれですか。 ",A,A,B,C,D,"Analyse  \
L’homme demande : この花、どこにおきますか。﻿ (Où met-on cette fleur ?)  \
La femme répond : 花は、丸いテーブルの上です。﻿ (La fleur, c'est sur la table ronde.)  \
L’homme continue : 果物、花の傍でいいですか。﻿ (Pour les fruits, près de la fleur ça va ?)  \
La femme précise : いえ、果物はもう一つのテーブルに載せてください。﻿ (Non, les fruits sur l’autre table, s’il vous plaît.)  \
Interprétation \
La fleur doit être placée sur la table ronde.  \
Les fruits doivent être posés sur une autre table, séparée de celle où se trouve la fleur.  \
Résumé pour la question 正しく置いてあるのはどれですか。﻿ “Laquelle montre la bonne disposition ?” \
La bonne réponse est : celle où la fleur est sur la table ronde, et les fruits ne sont pas à côté de la fleur mais sur une table différente.",1991_N3_1.jpg
18,1991,N3,"聴解スクリプト： (2) 二人はどこに行きますか。 \
女：海か山に行きたいなあ。 \
男：うん、でも、道が込んでいるからなあ。 \
女：そうね。じゃ、プールに行かない？ \
男：それよ り、映画はどう？ \
女：こんないい天気、映画？ \
男：じゃ、やっぱり泳ぎに行くか。 二人はどこに行きますか。 ",D,A,B,C,D,"Analyse du dialogue \
女：海か山に行きたいなあ。﻿ (La femme souhaite aller à la mer ou à la montagne.)  \
男：うん、でも、道が込んでいるからなあ。﻿ (L’homme exprime une hésitation à cause de la circulation.)  \
女：そうね。じゃ、プールに行かない？﻿ (Elle propose alors d’aller à la piscine.)  \
男：それより、映画はどう？﻿ (Lui propose plutôt d’aller au cinéma.)  \
女：こんないい天気、映画？﻿ (Elle s’étonne de l’idée d’aller au cinéma alors qu’il fait si beau.)  \
男：じゃ、やっぱり泳ぎに行くか。﻿ (Finalement, il suggère d’aller nager.)  \
Réponse à la question À la fin, ils décident d’aller nager, donc ils vont à la piscine. \
La bonne réponse est : プール﻿ (piscine).",1991_N3_2.jpg
19,1991,N3,"聴解スクリプト： (3) 教室はどうなりますか。 \
男：山田さん、授業でテープレコーダーを使いますから、テープレコーダーを持っていってください。 \
女：はい。 \
男：ドアは開け たままにしてください。 \
女：はい。 教室はどうなりますか。 ",A,A,B,C,D,"Analyse du dialogue \
男：山田さん、授業でテープレコーダーを使いますから、テープレコーダーを持っていってください。﻿ (M. Yamada, nous allons utiliser le magnétophone pendant le cours, donc veuillez l’apporter.)  \
女：はい。﻿ (D’accord.)  \
男：ドアは開けたままにしてください。﻿ (Laissez la porte ouverte.)  \
女：はい。﻿ (D’accord.)  \
Réponse à la question \
教室はどうなりますか。﻿ “Que devient la classe ? / Comment sera la salle de classe ?” \
La réponse : Dans la classe, le magnétophone sera apporté, et la porte restera ouverte.",1991_N3_3.jpg
20,1991,N3,"聴解スクリプト： (4) 車はどこにとめますか。 \
女：お車の方にお願いいたします。駐車場は建物の後ろにございます。建物の前や、池の傍に車を泊めないよう、お願いい たします。お車の方にお願いいたします。駐車場は駐車場は建物の後ろにございます。建物の前や、池の傍に車を泊めないよう、お願いいたします。 車 はどこに泊めますか。 ",A,A,B,C,D,"Analyse du dialogue \
お車の方にお願いいたします。駐車場は建物の後ろにございます。﻿ (Veuillez garer votre voiture. Le parking se trouve à l’arrière du bâtiment.)  \
建物の前や、池の傍に車を泊めないよう、お願いいたします。﻿ (Merci de ne pas stationner devant le bâtiment ni près de l’étang.)  \
Réponse à la question \
車はどこに泊めますか。﻿ “Où gare-t-on la voiture ?” \
Réponse : Il faut stationner la voiture sur le parking derrière le bâtiment, et non pas devant le bâtiment ni près de l’étang.",1991_N3_4.jpg
21,1991,N3,"聴解スクリプト： (5) これはカメラです。暗いところで写真を撮る時は、どのボタンを押しますか。 \
女：暗いところで写真を撮るときは、どうするんですか。 \
男：カメラの左側 に三つボタンがありますね。 \
女：はい。 \
男：その左側の三つの中で一番大きいボタンを押してください。 \
女：ええと、三つのボタンの中で一番右のボタン ですね。 \
男：はい、それを押してください。 どのボタンを押しますか。 ",B,A,B,C,D,"Ceci est un appareil photo. Lorsque vous prenez une photo dans un endroit sombre, quel bouton appuyez-vous ?\
 Femme : Quand on prend une photo dans un endroit sombre, que doit-on faire ? \
Homme : Il y a trois boutons sur le côté gauche de l’appareil. \
Femme : Oui. \
Homme : Parmi les trois boutons à gauche, appuyez sur le plus grand bouton. \
Femme : Euh, c’est le bouton tout à droite parmi les trois boutons, n’est-ce pas ? \
Homme : Oui, appuyez sur celui-là. Quel bouton appuyez-vous ?",1991_N3_5.jpg
22,1991,N3,"聴解スクリプト： (6) 男の人は何時に迎えに行きますか。 \
男：じゃ、何時に迎えに来ようか。今は1時半だけど。 \
女：今、1時半？ええと、銀行で30分かかって、それから、 買い物が1時間ぐらいかかると思うから、そうね、2時間後でどう？ \
男：2時間後でね、いいよ。じゃ。 \
男の人は何時に迎えに行きますか。 ",D,A,B,C,D,"男の人は何時に迎えに行きますか。﻿ L’homme : Alors, à quelle heure viens-tu me chercher ? Il est actuellement 1h30. \
La femme : Il est 1h30 ? Eh bien, je pense que ça prendra 30 minutes à la banque, puis environ une heure pour faire les courses. Alors, est-ce que dans deux heures ça ira ? \
L’homme : Dans deux heures ? D’accord. À plus tard.  男の人は何時に迎えに行きますか。﻿ \
À quelle heure l’homme viendra-t-il te chercher ? \
Réponse : Dans deux heures à partir de 1h30, donc à 3h30.",1991_N3_6.jpg
23,1991,N3,"聴解スクリプト： (7) 林さんはどの人ですか。 \
男：あの、林さんはどこにいますか。 \
女：林さんですか。先ピアノの傍にいたけど。あの人は違うわね。椅子に座っているの は田中さんですし、あ、あそこ、あそこで絵を見ていますよ。 \
男：あ、あの髪の長いほうの人ですね。 \
女：ええ、そうです。 林さんはどの人ですか。 ",B,A,B,C,D,"Homme : Excusez-moi, où est 林さん﻿ ? \
Femme : 林さんですか。先ピアノの傍にいたけど。あの人は違うわね。椅子に座っているのは田中さんですし、あ、あそこ、あそこで絵を見ていますよ。﻿ (L\
in-san ? Il était à côté du piano tout à l’heure. Cette personne-là, ce n’est pas lui. La personne assise sur la chaise est M. Tanaka, et ah, là-bas, il regarde un tableau.) \
Homme : Ah, c’est la personne avec les longs cheveux. \
Femme : Oui, c’est ça.  \
La personne qui est 林さん﻿ est donc celle aux longs cheveux qui regarde un tableau au loin.",1991_N3_7.jpg
24,1991,N3,"聴解スクリプト： (8) 男の人の席はどれですか。 \
女：あの、すみませんが、ここ、私の席なんですが。 \
男：そうですか、ええと、じゃ、隣かな。 \
女：何番ですか。\
男：21番で す。 \
女：じゃ、一つ前じゃないですか。 \
男：一つ前の窓側ですね。 男の人の席はどれですか。 ",C,A,B,C,D,"Femme : Excusez-moi, mais c’est ma place ici. \
Homme : Vraiment ? Euh, alors peut-être à côté. \
Femme : Quel numéro ? \
Homme : C’est le numéro 21. \
Femme : Alors, ce n’est pas la place juste devant ? \
Homme : Oui, c’est la place devant, côté fenêtre.  \
Quelle est la place de l’homme ? La place de l’homme est la numéro 21, juste devant celle de la femme, située côté fenêtre.",1991_N3_8.jpg
25,1991,N3,"聴解スクリプト： (9) 箱が四つあります。この箱を女の人の言うとおりに置いてください。どのように箱を置きますか。 \
女：始めに、3の箱を置いてください。その上に、1の箱 を置いて、それから、一番上に４の箱を置いて下さい。 \
男：2の箱はどうしますか。 \
女：あ、2の箱は3の箱の横に置いて下さい。 \
男：はい、わかりました。 どのように箱を置きますか。",A,A,B,C,D,"Il y a quatre boîtes. Veuillez les placer selon les instructions de la femme. \
Femme : D'abord, placez la boîte numéro 3. Ensuite, placez la boîte numéro 1 dessus, puis mettez la boîte numéro 4 tout en haut. \
Homme : Et la boîte numéro 2, que fait-on ? \
Femme : Ah, la boîte numéro 2, veuillez la mettre à côté de la boîte numéro 3. \
Homme : D'accord, compris.  \
Comment placer les boîtes ? Les boîtes sont placées ainsi : la boîte 3 en bas, la boîte 1 dessus, la boîte 4 tout en haut empilée, et la boîte 2 à côté de la boîte 3.",1991_N3_9.jpg
26,1991,N3,"聴解スクリプト： (10) 男の人がプールに行きました。どの順番でしますか。\
男：あの、プールに入りたいですが、切符はどこで買ったらいいでしょう。 \
女：帽子は持ってい ますか。水泳用の帽子です。 \
男：いいえ。 \
女：では、あそこで帽子を買ってください。それから、ここへ来て、このノートに名前と住所を書いてください。 \
男：はい。 女：その後で、あそこにある機械で切符を買ってください。 \
男：はい、わかりました。 男の人はどの順番でしますか。 ",D,A,B,C,D,"Traduction française : Script d'écoute : (10) Un homme est allé à la piscine. Quel est l'ordre des actions ? \
Homme : Excusez-moi, j'aimerais aller à la piscine, où puis-je acheter un ticket ? \
Femme : Avez-vous un bonnet ? Un bonnet de natation. \
Homme : Non. \
Femme : Alors, achetez un bonnet là-bas. Ensuite, venez ici et écrivez votre nom et votre adresse dans ce cahier. \
Homme : Oui. \
Femme : Après cela, achetez un ticket à la machine là-bas. \
Homme : Oui, j'ai compris. Quel est l'ordre des actions de l'homme ?",1991_N3_10.jpg
27,1991,N3,"聴解スクリプト： (11) 男の人はどの部屋に泊まりますか。 \
男：すみません、部屋は空いていますか。海の見える部屋がいいですが… \
女：海側は畳の部屋になりますが、 よろしいですか。 \
男：うん、畳の部屋はちょっと。ベッドの部屋はありませんか。 \
女：ございますよ。でも、山の見える部屋になりますが。 \
男：あ、それで結 構です。 男の人はどの部屋に泊まりますか。 ",C,A,B,C,D,"Script d'écoute : (11) Dans quelle chambre l'homme va-t-il loger ? \
Homme : Excusez-moi, avez-vous des chambres de libres ? J'aimerais bien une chambre avec vue sur la mer... \
Femme : Le côté mer est une chambre avec des tatami, est-ce que cela vous convient ? \
Homme : Hmm, une chambre avec des tatami, c'est un peu... N'y a-t-il pas de chambre avec un lit ? \
Femme : Nous en avons, oui. Mais ce sera une chambre avec vue sur la montagne. Homme : Ah, cela me va très bien. Dans quelle chambre l'homme va-t-il loger ?  \
Réponse (implicite dans le dialogue) : L'homme va loger dans la chambre avec un lit et vue sur la montagne (ベッドの部屋、山の見える部屋).",1991_N3_11.jpg
28,1991,N3,"聴解スクリプト： (1) 田中さんは会社まで何で来ますか。 \
女：田中さんはいつも会社まで何で行きますか。電車ですか、バスですか。 \
男：いいえ、自転車で通っているんで すよ。 \
女：ええ、自転車ですか。車は運転なさらないんですか。 \
男：いや、朝は道が込んでね。自転車のほうが速いんですよ。 \
田中さんは会社まで何で 来ますか。 \
1． 自転車で来ます。 \
2． 車で来ます。 \
3． バスで来ます。 \
4． 電車で来ます。 ",A,A,B,C,D,"Script d'écoute : (1) Comment Monsieur Tanaka vient-il à l'entreprise ? \
Femme : Comment Monsieur Tanaka vient-il toujours à l'entreprise ? En train, ou en bus ? \
Homme : Non, il vient à vélo. \
Femme : Ah, à vélo ? Il ne conduit pas de voiture ? \
Homme : Non, le matin, les routes sont encombrées. Le vélo est plus rapide. \
Comment Monsieur Tanaka vient-il à l'entreprise ? \
1. Il vient à vélo. \
2. Il vient en voiture. \
3. Il vient en bus. \
4. Il vient en train.  \
Réponse (selon le dialogue) : La bonne réponse est 1. 自転車で来ます。 (Il vient à vélo.)",SansImage.jpg
29,1991,N3,"聴解スクリプト： (2) マリさんは友たちといっしょにパーティの準備をしています。マリさんは何を手伝いますか。 \
女：じゃ、皆さん、ちょっと手伝ってくれますか。青木さんは テーブルを拭いてください。で、本田さんは、そこのお皿を出してください。それで、マリさんは、すみませんけど、そこの椅子を並べてください。それから、 中野さんは、ケーキを切ってください。 \
マリさんは何を手伝いますか。 \
1． ケーキを切ります。 \
2． 椅子を並べます。 \
3． テーブルを拭きます。 \
4． お皿を 出します。 ",B,A,B,C,D,"Voici la traduction française du texte japonais :  聴解スクリプト： (2) マリさんは友たちといっしょにパーティの準備をしています。マリさんは何を手伝いますか。 \
(2) Mari est en train de préparer une fête avec ses amis.\
女：じゃ、皆さん、ちょっと手伝ってくれますか。青木さんは テーブルを拭いてください。で、本田さんは、そこのお皿を出してください。それで、マリさんは、すみませんけど、そこの椅子を並べてください。それから、 中野さんは、ケーキを切ってください。 \
マリさんは何を手伝いますか。\
 Femme : Bon, tout le monde, pourriez-vous m'aider un peu ? Aoki-san, veuillez essuyer la table. Et Honda-san, veuillez sortir les assiettes là-bas. Ensuite, Mari-san, je suis désolée, mais veuillez aligner les chaises là-bas. Et puis, Nakano-san, veuillez couper le gâteau. Que va faire Mari pour aider ? \
1． ケーキを切ります。\
1. Elle va couper le gâteau \
2． 椅子を並べます。\
2. Elle va aligner les chaises. \
3． テーブルを拭きます。\
3. Elle va essuyer la table.\
4． お皿を 出します。  \
4. Elle va sortir les assiettes.\
Traduction française :  Script d'écoute : (2) Mari est en train de préparer une fête avec ses amis. Que va faire Mari pour aider ?1. Elle va couper le gâteau. 2. Elle va aligner les chaises. 3. Elle va essuyer la table. 4. Elle va sortir les assiettes.  \
Réponse (selon le dialogue) : La phrase « それで、マリさんは、すみませんけど、そこの椅子を並べてください。» indique que Mari va aligner les chaises. \
La bonne réponse est donc 2. 椅子を並べます。 (Elle va aligner les chaises.)",SansImage.jpg
30,1991,N3,"聴解スクリプト： (3) 鞄は何階で売っていますか。 \
男：すみません、鞄を買いたいんですが、 \
女：あ、鞄は3階ですよ。ここは4階ですから、1階下です。 \
男：1階ですか。 女： いいえ、3階です。そこの階段を下りて、 \
男：ああ、わかりました。 鞄は何階で売っていますか。 \
1． 1階です。 \
2． 2階です。 \
3． 3階です。 \
4． 4階です。  ",C,A,B,C,D,"Script d'écoute : (3) À quel étage vend-on des sacs ?\
 Homme : Excusez-moi, je voudrais acheter un sac... \
Femme : Ah, les sacs sont au 3ème étage. Nous sommes au 4ème étage, donc c'est un étage en dessous. \
Homme : Au 1er étage ? \
Femme : Non, au 3ème étage. Descendez l'escalier là-bas. \
Homme : Ah, d'accord. À quel étage vend-on des sacs ? \
1. Au 1er étage. \
2. Au 2ème étage. \
3. Au 3ème étage. \
4. Au 4ème étage.  \
Réponse (selon le dialogue) : La phrase « 鞄は3階ですよ » indique l'étage. \
La bonne réponse est donc 3. 3階です。 (Au 3ème étage.)",SansImage.jpg
31,1991,N3,"聴解スクリプト： (4) 先生がＡクラスとＢクラスの学生に明日の予定を話しています。Ｂクラスの学生は何時にどこに集りますか。Ｂクラスです。 \
男：明日は美術館へ行きま す。朝学校に集ってください。Ａクラスは9時に学校へ来てください。それから、美術館へ行きます。Ｂクラスは10時に学校に集ってください。もう一度言い ますよ。Ａクラスは9時、Ｂクラスは10時です。いいですね。 \
Ｂクラスの学生は何時にどこに集りますか。 \
1． 9時に美術館に集ります。 \
2． 9時に学校に集 ります。 \
3． 10時に美術館に集ります。 \
4． 10時に学校に集ります。 ",D,A,B,C,D,"Script d'écoute : (4) Le professeur parle des plans de demain aux élèves des classes A et B. À quelle heure et où les élèves de la classe B doivent-ils se rassembler ? C'est pour la classe B. \
Homme : Demain, nous allons au musée d'art. Veuillez vous rassembler à l'école le matin. La classe A, veuillez venir à l'école à 9 heures. Ensuite, nous irons au musée d'art. La classe B, veuillez vous rassembler à l'école à 10 heures. Je le répète. La classe A est à 9 heures, la classe B est à 10 heures. C'est compris ? \
À quelle heure et où les élèves de la classe B doivent-ils se rassembler ? \
1. Ils se rassemblent au musée d'art à 9 heures. \
2. Ils se rassemblent à l'école à 9 heures. \
3. Ils se rassemblent au musée d'art à 10 heures. \
4. Ils se rassemblent à l'école à 10 heures.  \
Réponse (selon le dialogue) : L'énoncé dit : « Ｂクラスは10時に学校に集ってください。 » (La classe B, veuillez vous rassembler à l'école à 10 heures.) La bonne réponse est donc 4. 10時に学校に集ります。 (Ils se rassemblent à l'école à 10 heures.)",SansImage.jpg
32,1991,N3,"聴解スクリプト： (5) 花を買いました。水をやる回数を花屋さんに聞いています。夏の間、水をどのぐらいやりますか。 \
女：この花には水をあまりやらないで下さい。水をや りすぎるとだめになってしまいます。普通は一週間に一度でいいですが、夏の間は熱いですから、一週間に、そうですね、2度ぐらいやってください。冬の 間は、まあ、月に1度ぐらいで結構です。 \
夏の間、水をどのぐらいやりますか。 \
1． 毎日です。 \
2． 一週間に1度です。 \
3． 一週間に2度です。 \
4． 一ヶ月 に1度です。 ",C,A,B,C,D,"Script d'écoute : (5) J'ai acheté une fleur. Je demande au fleuriste la fréquence d'arrosage. À quelle fréquence doit-on l'arroser pendant l'été ? \
Femme : N'arrosez pas trop cette fleur. Si vous l'arrosez trop, elle va dépérir. Normalement, une fois par semaine suffit, mais comme il fait chaud pendant l'été, arrosez-la, disons, environ deux fois par semaine. Pendant l'hiver, une fois par mois, c'est bien. \
À quelle fréquence doit-on l'arroser pendant l'été ? \
1. Tous les jours. \
2. Une fois par semaine. \
3. Deux fois par semaine. \
4. Une fois par mois.  \
Réponse (selon le dialogue) : La phrase « 夏の間は熱いですから、一週間に、そうですね、2度ぐらいやってください。» indique la fréquence pour l'été. \
La bonne réponse est donc 3. 一週間に2度です。 (Deux fois par semaine.)",SansImage.jpg
33,1991,N3,"聴解スクリプト： (6) 女の人が写真を頼んでいます。女の人はいつ写真を取りに来ますか。 \
女：あのう、写真はいつできますか。 \
男：三日後になります。今日は4日ですか ら、7日になりますが。 \
女：そうですか。 男：お急ぎですか。 女：ええ。 \
男：では、前日の5時過ぎでしたら、出来上がっていますが。 \
女：そうですか。では、 6日の5時過ぎに来ます。よろしく。 \
女の人はいつ写真を取りに来ますか。 \
1． 4日です。 \
2． 5日です。 \
3． 6日です \
4． 7日です。 ",C,A,B,C,D,"Script d'écoute : (6) Une femme demande des photos. Quand la femme viendra-t-elle chercher les photos ? \
Femme : Euh, quand les photos seront-elles prêtes ? \
Homme : Ce sera dans trois jours. Aujourd'hui, c'est le 4, donc ce sera le 7. \
Femme : Ah, d'accord. Homme : Êtes-vous pressée ? \
Femme : Oui. \
Homme : Dans ce cas, si c'est après 17 heures la veille [du 7], elles seront prêtes. \
Femme : D'accord. Alors, je viendrai après 17 heures le 6. Merci d'avance. \
Quand la femme viendra-t-elle chercher les photos ? 1. Le 4. 2. Le 5. 3. Le 6. 4. Le 7.  \
Réponse (selon le dialogue) : La femme dit : « では、 6日の5時過ぎに来ます。» (Alors, je viendrai après 17 heures le 6.) \
La bonne réponse est donc 3. 6日です (Le 6.)",SansImage.jpg
34,1991,N3,"聴解スクリプト： (7) 女の人は始めに何をしますか。 女：あのう、今銀行から電話があったんですが、これから銀行に行ってもいいですか。 \
男：ああ、どうぞ。じゃ、悪いけ ど、この手紙も出してきてもらいますか。 \
女：はい。じゃ、先に郵便局によってから銀行に行きます。 \
女の人は始めに何をしますか。 \
1． 手紙を書きます。 \
2． 郵便局へ行きます。 \
3． 銀行へ行きます。 \
4． 電話をします。  ",B,A,B,C,D,"Script d'écoute : (7) Que va faire la femme en premier ? \
Femme : Euh, j'ai reçu un appel de la banque tout à l'heure, est-ce que je peux aller à la banque maintenant ? \
Homme : Ah, allez-y. Dans ce cas, ce n'est pas très agréable, mais pourriez-vous poster cette lettre aussi ? \
Femme : Oui. Alors, je passerai d'abord par la poste (bureau de poste) et ensuite j'irai à la banque. \
Que va faire la femme en premier ? \
1. Écrire une lettre. \
2. Aller à la poste (bureau de poste). \
3. Aller à la banque. \
4. Téléphoner. \
Réponse (selon le dialogue) : La femme dit : « じゃ、先に郵便局によってから銀行に行きます。 » (Alors, je passerai d'abord par la poste et ensuite j'irai à la banque.) \
La bonne réponse est donc 2. 郵便局へ行きます。 (Aller à la poste/bureau de poste.)",SansImage.jpg
35,1991,N3,"聴解スクリプト： (1) 町のスポーツクラブの先生が注意をしています。走った後はどうしたらいいですか。 \
男：ええ、これからいっしょに30分ぐらい走りますが、ええ、走った 後ですぐに泊まったり、座ったりしないで下さい。いいですか。走った後はそのまま、5分ぐらいゆっくり歩 いて、それから休んでください。その後は、水を 飲んでも構いません。\
 走った後はどうしたらいいですか。 \
1． 5分ぐらい座ります。 \
2． 横になって休みます。 \
3． すぐ水を飲みます。 \
4． ゆっくり歩きま す。  ",D,A,B,C,D,"Script d'écoute : (1) Le professeur du club de sport de la ville donne des instructions. Que faut-il faire après avoir couru ? \
Homme : Bien, nous allons courir ensemble pendant environ 30 minutes, mais, euh, ne vous arrêtez pas et ne vous asseyez pas immédiatement après avoir couru. D'accord ? Après avoir couru, marchez tranquillement pendant environ 5 minutes, puis reposez-vous. Après cela, vous pouvez boire de l'eau. Que faut-il faire après avoir couru ? \
1. S'asseoir pendant environ 5 minutes. \
2. S'allonger et se reposer. \
3. Boire de l'eau immédiatement. \
4. Marcher tranquillement.  \
Réponse (selon le dialogue) : L'énoncé dit : « 走った後はそのまま、5分ぐらいゆっくり歩 いて » (Après avoir couru, continuez simplement, marchez tranquillement pendant environ 5 minutes).\
 La bonne réponse est donc 4. ゆっくり歩きます。 (Marcher tranquillement.)",SansImage.jpg
36,1991,N3,"聴解スクリプト： (2) この道は何が通れますか。 \
男1：あ、ちょっと、この道は、オートバイは通れませんよ。 \
男2：え、そうなんですか。 男1：ええ、その道はオートバイや車 は通れません。 女：あのう、自転車もですか。 \
男1：いえ、自転車は構いません。 \
この道は何が通れますか。 \
1． 車が通れます。\
2． 自転車が通れま す。 \
3． オートバイと車が通れます。 \
4． オートバイと自転車が通れます。 ",B,A,B,C,D,"Script d'écoute : (2) Qu'est-ce qui est autorisé à circuler sur cette route ? \
Homme 1 : Ah, attendez, les motos ne sont pas autorisées à circuler sur cette route. \
Homme 2 : Ah, vraiment ? Homme 1 : Oui, les motos et les voitures ne sont pas autorisées à circuler sur cette route. Femme : Euh, et les vélos aussi ? \
Homme 1 : Non, les vélos sont autorisés (ce n'est pas un problème). \
Qu'est-ce qui est autorisé à circuler sur cette route ? \
1. Les voitures sont autorisées à circuler. \
2. Les vélos sont autorisés à circuler. \
3. Les motos et les voitures sont autorisées à circuler. \
4. Les motos et les vélos sont autorisés à circuler.  \
Réponse (selon le dialogue) :  Motos (オートバイ) : Interdites (« 通れません »)  Voitures (車) : Interdites (« 通れません »)  Vélos (自転車) : Autorisés (« 構いません »)  \
La bonne réponse est donc 2. 自転車が通れます。 (Les vélos sont autorisés à circuler.)",SansImage.jpg
37,1991,N3,"聴解スクリプト： \
田中さんは会社の後で病院へ行こうと思っていますが、会社は午後5時までです。何曜日なら病院へいけますか。 \
男：すみません、病院は何時まで 開いていますか。 \
女：はい。月曜日から木曜日までは午後3時までです。金曜日は午後8時までです。 \
男：ああ、金曜日は遅くまで開いているんですね。 土曜日は？ \
女：土曜日はお休みです。\
男：そうですか。 何曜日ならいけますか。 \
1． 月曜日です。 \
2． 木曜日です。 \
3． 金曜日です。 \
4． 土曜日です。 ",C,A,B,C,D,"Script d'écoute :Monsieur Tanaka a l'intention d'aller à l'hôpital après le travail, mais son entreprise ferme à 17h00 (5 heures de l'après-midi). Quel jour pourra-t-il aller à l'hôpital ?\
Homme : Excusez-moi, jusqu'à quelle heure l'hôpital est-il ouvert ?\
Femme : Oui. Du lundi au jeudi, c'est jusqu'à 15h00 (3 heures de l'après-midi). Le vendredi, c'est jusqu'à 20h00 (8 heures de l'après-midi).\
Homme : Ah, le vendredi, c'est ouvert jusqu'à tard, n'est-ce pas ? Et le samedi ?\
Femme : Le samedi, c'est fermé.Homme : Je vois\
Quel jour pourra-t-il y aller ?\
1. Lundi.\
2. Jeudi.\
3. Vendredi.\
4. Samedi.\
\
Analyse de la situation :Heure de fin de travail de M. Tanaka : \
17h00 (5 PM)Horaires de l'hôpital :Lundi - Jeudi : jusqu'à 15h00 (3 PM)  Trop tôt pour M. Tanaka.\
Vendredi : jusqu'à 20h00 (8 PM)  Accessible après 17h00.\
Samedi : Fermé  Impossible.\
Réponse (selon le dialogue) : Le seul jour où l'hôpital est encore ouvert après 17h00 est le vendredi. \
La bonne réponse est donc 3. 金曜日です。 (Vendredi.)",SansImage.jpg
38,1991,N3,"聴解スクリプト： (4) 女の人は昨日、何をしましたか。 \
男：昨日、本を買いに行ったんでしょう。 \
女：ええ、でも、本屋には行けなかったんですよ。レコード屋に行ってみた ら、時間がなくなって。 \
男：で、レコードは何を買ったんですか。 \
女：いろいろ見たんですけれど、いいのがなくて。何も買わずに帰ってきたんです。 \
男：そ うなんですか。 \
女の人は昨日、何をしましたか。 \
1． 本屋へ行って、本を買いました。 \
2． 本屋へ行ったけれど、本は買いませんでした。 \
3． レコード屋へ 行って、レコードを買いました。 \
4． レコード屋へ行ったけれど、レコードは買いませんでした。 ",D,A,B,C,D,"Script d'écoute : (4) Qu'a fait la femme hier ?\
Homme : Vous êtes allée acheter un livre hier, n'est-ce pas ?\
Femme : Oui, mais je n'ai pas pu aller à la librairie. Je suis allée jeter un œil au magasin de disques et je n'ai plus eu le temps.\
Homme : Et, quel disque avez-vous acheté ?\
Femme : J'en ai regardé plusieurs, mais je n'ai rien trouvé de bien. Je suis rentrée sans rien acheter.\
Homme : Ah, vraiment ?Qu'a fait la femme hier ?\
1. Elle est allée à la librairie et a acheté un livre.\
2. Elle est allée à la librairie, mais n'a pas acheté de livre.\
3. Elle est allée au magasin de disques et a acheté un disque.\
4. Elle est allée au magasin de disques, mais n'a pas acheté de disque.\
Analyse de la situation :\
Action 1 (Librairie) : Elle n'a pas pu y aller. (« 本屋には行けなかったんですよ。»)  Élimine les choix 1 et 2.\
Action 2 (Magasin de disques) : Elle y est allée (« レコード屋に行ってみたら ») et a regardé, mais n'a rien acheté (« 何も買わずに帰ってきたんです。»).\
Réponse (selon le dialogue) : \
La bonne réponse est 4. レコード屋へ行ったけれど、レコードは買いませんでした。 (Elle est allée au magasin de disques, mais n'a pas acheté de disque.)",SansImage.jpg
39,1991,N3,"聴解スクリプト： (5) タムさんは今日本にいます。タムさんは日本に来たのは何度目ですか。 \
女：タムさんは今回はじめて日本へいらっしゃったんですか。 \
男：いえ、以前 にも来た事があります。 \
女：いついらっしたんですか。 \
男：10年前に1度ちょっと来て、それからまた４年前に1年ほど日本にいました。 \
女：そうですか。 \
タ ムさんが日本に来たのは何度目ですか。 \
1． 初めてです。 \
2． 2度目です。 \
3． 3度目です。 \
4． 4度目です。  ",B,A,B,C,D,"Script d'écoute : (5) M. Tam est actuellement au Japon. Combien de fois M. Tam est-il venu au Japon ? \
Femme : Est-ce la première fois que vous venez au Japon, M. Tam ? \
Homme : Non, je suis déjà venu auparavant. \
Femme : Quand êtes-vous venu ? \
Homme : Je suis venu une fois il y a 10 ans pour une courte période, et ensuite, je suis resté au Japon pendant environ un an, il y a 4 ans. \
Femme : Je vois. \
Combien de fois M. Tam est-il venu au Japon ? \
1. C'est la première fois. \
2. C'est la deuxième fois. \
3. C'est la troisième fois. \
4. C'est la quatrième fois.  \
Analyse des visites de M. Tam au Japon :  \
1ère fois : Il y a 10 ans, pour une courte période.  \
2ème fois : Il y a 4 ans, pour environ un an.  \
3ème fois : L'actuelle visite (celle mentionnée dans l'énoncé : « タムさんは今日本にいます。» - M. Tam est maintenant au Japon).  \
Réponse (selon le dialogue) : En comptant la visite actuelle, c'est la troisième fois. La bonne réponse est donc 3. 3度目です。 (C'est la troisième fois.)",SansImage.jpg
40,1991,N3,"聴解スクリプト： (6) 男の人と女の人が話しています。二人はパーティに行きますか。 \
男：明日のパーティ行きますか。 \
女：行けないんです。あなたは？ \
男：僕は行くつも りですが、まだ決めてないんですよ。 \
女：いらっしゃったら、で、パーティの様子教えてください。 \
男：え、じゃ、そうします。 \
二人はパーティに行きますか。 \
1． 男の人も女の人も行きます。 \
2． 男の人は行きますが、女の人は行きません。 \
3． 男の人は行きませんが、女の人は行きます。 \
4． 男の人も女の人 も行きません",A,A,B,C,D,"Script d'écoute : (Un homme et une femme parlent. Les deux vont-ils à la fête ?\
Homme : Allez-vous à la fête de demain ?\
Femme : Je ne peux pas y aller. Et vous ?\
Homme : J'ai l'intention d'y aller, mais je n'ai pas encore décidé.\
Femme : Si vous y allez, alors racontez-moi comment c'était.\
Homme : Ah, d'accord, je ferai ça.\
Les deux vont-ils à la fête ?\
1. L'homme et la femme y vont tous les deux.\
2. L'homme y va, mais la femme n'y va pas.\
3. L'homme n'y va pas, mais la femme y va.\
4. Ni l'homme ni la femme n'y vont.\
Analyse de la situation :\
La femme : Elle dit « 行けないんです » (Je ne peux pas y aller). Elle n'y va pas.\
L'homme : Il dit « 僕は行くつもりですが、まだ決めてないんですよ » (J'ai l'intention d'y aller, mais je n'ai pas encore décidé). Cependant, il conclut par « じゃ、そうします » (D'accord, je ferai ça) en réponse à la femme qui lui demande de lui raconter la fête s'il y va. \
Le dialogue ne confirme pas une décision finale de l'homme, mais puisque la femme n'y va pas, on peut écarter les options qui incluent sa participation (1 et 3).\
Si on prend le dialogue littéralement, l'homme n'a pas encore décidé, mais la femme n'y va pas. \
Dans le contexte de ce type d'exercice, on doit souvent interpréter la situation la plus probable basée sur les affirmations claires.\
Femme : N'y va pas.Homme : A l'intention d'y aller (mais n'a pas encore décidé).\
Si l'homme y va et la femme non, ce serait l'option 2. \
Si aucun des deux n'y va, ce serait l'option 4. Étant donné que l'homme dit qu'il a l'intention d'y aller et accepte de raconter, on est souvent dirigé vers l'intention positive.\
Cependant, en l'absence de confirmation claire, la seule certitude est que la femme n'y va pas. \
Si l'homme n'a pas pris de décision, alors l'option 4 serait techniquement incorrecte si jamais il y va. L'option 2 (Homme y va, Femme non) est la réponse la plus probable attendue dans un tel exercice, car l'homme exprime l'intention d'y aller.\
Réponse (la plus probable) : La femme n'y va pas, et l'homme a l'intention d'y aller et accepte de rapporter. \
La réponse attendue est généralement celle-ci : \
2. 男の人は行きますが、女の人は行きません。 (L'homme y va, mais la femme n'y va pas.)",SansImage.jpg
41,1991,N3,"聴解スクリプト： (7) 男の人が病院の先生と話しています。男の人はどんなことに気をつけなければなりませんか。 \
男：あのう、先生、どんなことに気をつけたらいいでしょ うか。 \
女：そうですね、あなたの場合は食べ物は何を食べてもいいですよ。ただ、運動はしばらくの間、やめてくださいね。この病気にはよくありませんか ら。まあ、薬は飲まなくてもいいでしょう。 \
男：あのう、タバコは？ 女：あ、構いませんよ。 \
男の人はどんなことに気をつけなければなりませんか。 \
1． 運動 をやめなければなりません。 \
2． 薬を飲まなければなりません。 \
3． 食べ物に注意しなければなりません。 \
4． タバコをやめなければなりません。 ",C,A,B,C,D,"Script d'écoute : (7) Un homme parle avec un médecin à l'hôpital. À quoi l'homme doit-il faire attention ?\
Homme : Euh, Docteur, à quoi devrais-je faire attention ?\
Femme : Eh bien, dans votre cas, vous pouvez manger n'importe quoi. Par contre, vous devez arrêter de faire de l'exercice pendant un certain temps. Ce n'est pas bon pour cette maladie. Quant aux médicaments, vous n'aurez probablement pas besoin d'en prendre.\
Homme : Et le tabac ?\
Femme : Ah, ce n'est pas un problème (vous pouvez fumer).\
À quoi l'homme doit-il faire attention ?\
1. Il doit arrêter de faire de l'exercice.\
2. Il doit prendre des médicaments.\
3. Il doit faire attention à la nourriture.\
4. Il doit arrêter de fumer.Analyse de la situation :Nourriture (食べ物) : « 何を食べてもいいですよ » (Vous pouvez manger n'importe quoi).  Pas de restriction.\
Exercice (運動) : « 運動はしばらくの間、やめてくださいね » (Vous devez arrêter l'exercice pendant un certain temps). \
Obligation.Médicaments (薬) : « 薬は飲まなくてもいいでしょう » (Vous n'aurez probablement pas besoin d'en prendre). \
 Pas d'obligation.Tabac (タバコ) : « 構いませんよ » (Ce n'est pas un problème). \
Pas de restriction.Réponse (selon le dialogue) : La seule chose que l'homme doit faire est d'arrêter de faire de l'exercice. \
La bonne répréponse est donc 1. 運動をやめなければなりません。 (Il doit arrêter de faire de l'exercice.)",SansImage.jpg
42,1991,N3,"聴解スクリプト： (8) 田中さんは兄弟の中で上から何番目ですか。 \
女：田中さんは何人兄弟ですか。 \
男：6人兄弟です。 \
女：ええ。一番上です。 \
男：上に兄が二人と姉が 一人います。 \
女：あ、お兄さんが二人とお姉さんが一人ですか。 \
田中さんは兄弟の中で上から何番目ですか。 \
1． 2番目です。 \
2． 3番目です。 \
3． 4番 目です。 \
4． 5番目です。 ",B,A,B,C,D," Script d'écoute : Quel rang (en partant de l'aîné) M. Tanaka occupe-t-il dans sa fratrie ? \
Femme : Combien de frères et sœurs avez-vous, M. Tanaka ? \
Homme : Nous sommes six frères et sœurs. \
Femme : Ah. Êtes-vous l'aîné ? \
Homme : J'ai deux frères aînés (ani) et une sœur aînée (ane) au-dessus de moi. \
Femme : Ah, deux frères aînés et une sœur aînée ? \
Quel rang (en partant de l'aîné) M. Tanaka occupe-t-il dans sa fratrie ? \
1. Le 2ème. \
2. Le 3ème. \
3. Le 4ème. \
4. Le 5ème.  \
Analyse de la situation :  M. Tanaka a des aînés au-dessus de lui :  Frère aîné 1 (兄 ani)  Frère aîné 2 (兄 ani)  Sœur aînée 1 (姉 ane)  M. Tanaka lui-même  \
M. Tanaka est la quatrième personne dans l'ordre de naissance (en partant du plus âgé).  \
Réponse (selon le dialogue) : M. Tanaka est le 4ème enfant. \
La bonne réponse est donc 3. 4番目です。 (Le 4ème.)",SansImage.jpg
43,1991,N3,"聴解スクリプト： 太郎さんの家族で一番背が高いのは誰ですか。 \
女：太郎さん、あなたの弟さん、背が高くなりましたね。もう、あなたより大きいじゃありませんか。\
男：いえ、まだ私よりは低いですが、父や母よりは高いですよ。 \
太郎さんの家族で一番背が高いのは誰ですか。 \
1． 太郎さんです。 \
2． 弟さんです。 \
3． お父さんです。 \
4． お母さんです。 ",A,A,B,C,D,"Script d'écoute : Qui est la personne la plus grande dans la famille de Tarō ? \
Femme : Tarō-san, votre petit frère a bien grandi ! N'est-il pas déjà plus grand que vous ? \
Homme : Non, il est encore plus petit que moi, mais il est plus grand que mon père et ma mère. \
Qui est la personne la plus grande dans la famille de Tarō ? \
1. Tarō. \
2. Son petit frère. \
3. Son père. \
4. Sa mère.\
Analyse de la taille :La femme pense : Le petit frère (弟) Tarō (太郎).Tarō corrige : Petit frère (弟)  Tarō (太郎).\
Tarō déclare : Petit frère (弟)  Père (父) et Mère (母).\
En combinant ces informations :\
Père et Mère sont les plus petits. Le Petit frère est plus grand que le Père et la Mère, mais plus petit que Tarō.Tarō est le plus grand. \
{Tarō} > {Petit frère} > {Père} { et } {Mère}) (selon le dialogue) : La personne la plus grande est Tarō. \
La bonne réponse est donc 1. 太郎さんです。 (Tarō.)",SansImage.jpg
