2005;N4;"???????: 
???????????????????????????? 
??: ????????????????????????????? 
??: ???? ?????? ??: ?????????????????? ";D;A ;B;C;D;"Une femme et un homme parlent. Quel objet l’homme va-t-il prendre ? 

Femme : Ah, excusez-moi. Pouvez-vous prendre le livre sous la table, s’il vous plaît ? 
Homme : Euh, celui-ci ? Femme : Non, pas celui-là. Celui qui est sur la boîte.";2005_N4_1.jpg
2005;N4;"???????: 
?????????????????????????????? 
???: ???????????? 
????: ????????????????? ?????? 
???: ???????? ????: ?????????????? 
???: ??? ";D;A ;B;C;D;"Un garçon et sa mère parlent. Qu’est-ce que la mère a donné ? 
Le garçon : Maman, je vais y aller. 
La mère : Ah, attends un peu. Mets ça avant de partir. 
Le garçon : Euh, pourquoi ? 
La mère : Tu es encore enrhumé, non ? 
Le garçon : Oui.";2005_N4_2.jpg
2005;N4;"???????:
?????????????????????????????
 ??: ?????????????????????????????????? ??????????????????????
?????????????????????? ";C;A ;B;C;D;"Professeur : Tout le monde, demain c’est le voyage. N’oubliez pas vos boissons. Ensuite, comme il pourrait pleuvoir, apportez aussi un parapluie. 
Ne prenez pas de friandises. D'accord ?";2005_N4_3.jpg
2005;N4;"???????: ???????????????????????????????? 
???: ??????????????????????? 
???: ?? ????????????????????????????????????? 
???: ?~????????????????????????? ????????????????
 ???: ???????????  ";C;A ;B;C;D;"Une fille parle avec un vendeur. Quel portefeuille a-t-elle acheté ? 
Fille : Excusez-moi, n’avez-vous pas un portefeuille autour de 3000 yens ? 
Vendeur : 3000 yens ? Il y a ces quatre-là. Les couleurs sont seulement noir et blanc, mais celui qui est rond est mignon. 
Fille : Hmm, je n’aime pas trop les ronds, donc ce sera celui-ci ou celui-là. Bon, je vais prendre le noir. 
Vendeur : Merci beaucoup";2005_N4_4.jpg
2005;N4;"???????: 
??????????????????????
????????????? 
??: ????????? ??: 8 ?50 ?? 
??: ??????? 8?50 ???? 
??: ?????? 
??: ?????????????8 ?50?? 
??: ???  ";A;A ;B;C;D;"Un homme parle au téléphone en langue étrangère avec une femme. Quelle heure est-il dans le pays de la femme ? 
Homme : Quelle heure est-il là-bas ? 
Femme : 8 h 50. Homme : Ah, il est aussi 8 h 50 au Japon. 
Femme : Hein ? La même heure ? 
Homme : Oui, mais ici, c’est le soir. Il est 8 h 50 du soir. 
Femme : Ah, d’accord.";2005_N4_5.jpg
2005;N4;"???????: 
???????????????
????????????????????? 
??: ????????????????? 
??: ??????? ??????????????????????? 
??: ?????????????????? 
??: ????????????????????? ";B;A ;B;C;D;"Une femme et un homme parlent. Comment l’homme se rend-il chaque jour à son entreprise ?
Femme : Comment allez-vous à votre entreprise chaque jour ? 
Homme : Je vais jusqu’à la gare à vélo, puis je prends le train jusqu’à la gare Sud. 
Femme : Depuis la gare Sud, vous allez à pied jusqu’à votre entreprise ? 
Homme : Non, c’est un peu loin, alors j’y vais en bus.";2005_N4_6.jpg
2005;N4;"???????: 
????????????????????????????? 
???: ???????????????????????????? 
?????: ???????? 
???: ???????????????????????????? 
?????: ?~????????????? 
???: ??? ";A;A ;B;C;D;"Une fille parle avec son grand-père. Quand appellera-t-elle ? 
Fille : Alors, grand-père, je t’appellerai dès que j’arriverai à Tokyo après-demain. 
Grand-père : Ah, donc le sept ? 
Fille : Non, papi ! Aujourd’hui on est le quatre. Donc après-demain, c’est le six. 
Grand-père : Oh, c’est vrai. D’accord, après-demain alors. 
Fille : Oui.";2005_N4_7.jpg
2005;N4;"???????: 
???????????????????????????????? 
??: ?????????? 
??: ??? ??: ?????????? 
? ?: ??????????? 
??: ????????????????  ";A;A ;B;C;D;"Une femme et un homme parlent. Lequel des manteaux la femme veut-elle ? 
Femme : Ce manteau-là est joli, non ?
 Homme : Lequel ? 
Femme : Celui qui est long et blanc. 
Homme : Le manteau avec des poches ? 
Femme : Non, celui avec de gros boutons.";2005_N4_8.jpg
2005;N4;"???????: 
????????????????????????????? 
??: ???????? 
??: ?????? ??: ??? 
??: ???????? ????????? 
??: ???? 
??: ???????????????????????? 
??: ???????  ";B;A ;B;C;D;"Un homme cherche la clé de son vélo. Où était-elle ? 
Homme : Tiens, ma clé a disparu. 
Femme : La clé du vélo ? Homme : Tu l’as vue ? 
Femme : Tout à l’heure, elle était sur la table. 
Homme : Non, elle n’y est pas. 
Femme : Ah, je l’ai posée sur la chaise. Regarde, la chaise à côté de la bibliothèque. 
Homme : Ah, la voilà.  ";2005_N4_9.jpg
2005;N4;"???????: 
???????????????????????????????? 
??: ???????????????? 
??: ?????????????? ?? 
??: ?????????????????????????????? 
??: ?????????????????????????? 
1 ??? ?????? 
2 ????????? 
3 ?????????? 
4 ????????? ";A;A ;B;C;D;"Un homme et une femme parlent. Qu’ont-ils fait ensemble hier ? 
Homme : Le tennis d’hier, c’était amusant, non ? 
Femme : Oui, mais j’étais un peu fatiguée. Homme : Après ça, j’ai joué au football et le soir, je suis sorti boire avec tout le monde. 
Femme : Quelle énergie ! Moi, après le tennis, j’ai fait les courses et je suis rentrée chez moi.  
Question : Qu’ont-ils fait ensemble hier ? 
Ils ont joué au tennis.
J’ai joué au tennis. 
J’ai bu de l’alcool.
J’ai joué au football. 
J’ai fait des courses.";Pas d’image
2005;N4;"???????:?????????????????????????????? 
 ??: ????????????  
??: ??????????????????? ??  
??: ????????????????? 
??: ?????????????  
??: ????????? ??: ???? 
1 ????  
2 ????  
3 ????  
3 ???? ";B;A ;B;C;D;"Un homme et une femme parlent. Qu’est-ce que l’homme a acheté ? 
Homme : Je suis rentré. J’ai acheté ce que tu voulais. 
Femme : Merci. Tiens… ce n’est pas du bœuf, ça ? 
Homme : Si, c’est du bœuf. Ah… tu voulais du porc ? 
Femme : J’avais aussi demandé du poulet. 
Homme : Ah, vraiment ? 
Femme : Oui.  
Réponses possibles :  
C’est du bœuf.  
C’est du porc.  
C’est du poulet.  
C’est du lait.  
Bonne réponse : 1. ????? (C’est du bœuf.)";Pas d’image
2005;N4;"????????????????????????????? 
??: ???????????????? 
??: ??????????????? ??????? 
??: ????????????????????????????????????? 
1 ???? 
2 ??? 
3 ???? 
4 ??? ";C;A ;B;C;D;"Un homme et une femme parlent au travail. Quel temps fait-il maintenant ? 
Homme : Bonjour. Il fait froid, n’est-ce pas ? 
Femme : Oui, vraiment. Le temps est mauvais aussi. Il pleut ?
Homme : Non, pas encore. Mais il va neiger ce soir, c’est ce qu’ils ont dit à la télé.  
Question : Quel temps fait-il maintenant ?  
1 Il fait beau.   
2 Il pleut.  
3 Il fait nuageux.  
4 Il neige.  
Bonne réponse : 
3. ????? (Il fait nuageux.)";Pas d’image
2005;N4;"???????:
?????????????????????????? 
??: ???????????????? 
??: ???????????????????? ??????? 
??: ??????????????????????????????????????????????? 
??: ???????? ?????? 
??: ???????????????????????? 
??: ?????? 
??: ????? 
1 ?????????? 
2 ????? ???? 
3 ?????????? 
4 ????????? ";D;A ;B;C;D;"Un homme et une femme parlent. Que va faire l’homme ? 
Homme : Mademoiselle Kimura, avez-vous fini votre travail ? 
Femme : Non, pas encore. Mais je suis fatiguée, alors je rentre chez moi aujourd’hui. 
Homme : Euh… j’ai deux billets de cinéma. Vous voulez venir avec moi maintenant ? Ces billets sont valables seulement jusqu’à aujourd’hui. 
Femme : Désolée, pas aujourd’hui. Homme : Ah, d’accord, quel dommage. Alors, j’irai seul. 
Femme : Je suis désolée. Homme : Non, non, ce n’est rien.  
Question : Que va faire l’homme ?  
Travailler avec la femme.  
Travailler seul.  
Aller au cinéma avec la femme.  
Aller au cinéma seul.  
Bonne réponse : 4. ?????????? (Il va au cinéma seul.)";Pas d’image
2005;N4;"???????: ??????????????????????? 
??: ?????????? 
??: ??????????????????????????? 
? ?: ??????????????????????????? 
??: ????????? ??: ????????? 
1 ???????? 
2 ????? ???????? 
3 ????????????? 
4 ???????????? ";B;A ;B;C;D;"Un homme et une femme parlent. À qui sont les vêtements ? 
Femme : Ces vêtements sont jolis, n’est-ce pas ? 
Homme : Merci beaucoup. Mais ce ne sont pas les miens. 
Femme : Ah bon ? Alors, ils sont à votre grand frère ou à votre petit frère ? 
Homme : Non, ils sont à mon père. 
Femme : Ah, je vois.  
Réponses : 
 Ils sont à cet homme.  
Ils sont au père de cet homme.  
Ils sont à son frère aîné.  
Ils sont à son frère cadet.  
Bonne réponse : 2. ?????????????? (Ils sont au père de cet homme.)";Pas d’image
2005;N4;"???????:???????????????????????????
 ??: ????????????? 
??: ?????????????????? 
??: ???????????????????? 
??: ????????? 
1 ?????? 
2 ?????? 
3 ?????? 
4 ?????? ";C;A ;B;C;D;"Une femme et un homme parlent. De combien de personnes est composée la famille de la femme ? 
Femme : Monsieur Sat?, de combien de personnes est votre famille ? 
Homme : Nous sommes trois : mes parents et moi. Et vous, madame Iida ? 
Femme : Eh bien, mes parents, un grand frère, une grande sœur et moi. 
Homme : Ah, je vois.  
Réponses :  
Famille de trois personnes  
Famille de quatre personnes  
Famille de cinq personnes  
Famille de six personnes  
Bonne réponse : 3. ??????? (Famille de cinq personnes.)";Pas d’image
2005;N4;"???????: 7.???????????????????????????????? 
??: ?????????????????????? 
??: ??????? ?????30?????????10????????????? 
??: ??????? 
1 10 ??? 
2 20 ??? 
3 30 ??? 
4 40 ???";D;A ;B;C;D;"Un homme et une femme parlent à l’école. Combien de copies l’homme va-t-il faire ? 
Homme : Professeur, combien de copies faut-il faire pour ce test ? 
Femme : Alors… Il y a 30 étudiants, mais faites-en 10 de plus que ça. 
Homme : D’accord.  
Réponses :  
10 copies  
20 copies  
30 copies  
40 copies  
Bonne réponse : 4. 40???? (40 copies.)";Pas d’image
2005;N4;"???????: 8.?????????????????????????????????????????? 
??: ??????????? ??: ??????? ???? 
??: ?????????????? 
??: ??????????????????????????????? 
??: ?????????? ????????????????????????? 
??: ?????????? 
1 ????????? 
2 ?????? 
3 ?????? 
4 ???? ?? ";D;A ;B;C;D;"Un homme montre une chambre à une femme. Pourquoi la femme n’aime-t-elle pas cette chambre ? 
Homme : Que pensez-vous de cette chambre ? 
Femme : Elle est neuve et jolie. 
Homme : Oui, mais elle est loin de la gare. 
Femme : Ce n’est pas un problème, mais elle est sombre. Je préfère une chambre lumineuse. 
Homme : Voulez-vous voir une autre chambre ? Elle est un peu ancienne, mais lumineuse. 
Femme : Oui, je veux bien.  
Réponses :  
Parce qu’elle est loin de la gare  
Parce qu’elle est chère  
Parce qu’elle est ancienne  
Parce qu’elle est sombre  
Bonne réponse : 4. ??????? (Parce qu’elle est sombre.)";Pas d’image
1991;N3;"???????: (1) ???????????????? 
?:????????????? 
?:?????????????????? 
?:????????????? 
?: ???????????????????????????? ???????????????? ";A;A ;B;C;D;"Analyse  
L’homme demande : ?????????????? (Où met-on cette fleur ?)  
La femme répond : ??????????????? (La fleur, c'est sur la table ronde.)  
L’homme continue : ?????????????? (Pour les fruits, près de la fleur ça va ?)  
La femme précise : ????????????????????????? (Non, les fruits sur l’autre table, s’il vous plaît.)  
Interprétation 
La fleur doit être placée sur la table ronde.  
Les fruits doivent être posés sur une autre table, séparée de celle où se trouve la fleur.  
Résumé pour la question ????????????????? “Laquelle montre la bonne disposition ?” 
La bonne réponse est : celle où la fleur est sur la table ronde, et les fruits ne sont pas à côté de la fleur mais sur une table différente.";1991_N3_1.jpg
1991;N3;"???????: (2) ???????????? 
?:??????????? 
?:?????????????????? 
?:???????????????? 
?:??? ???????? 
?:??????????? 
?:?????????????? ???????????? ";D;A ;B;C;D;"Analyse du dialogue 
?:???????????? (La femme souhaite aller à la mer ou à la montagne.)  
?:??????????????????? (L’homme exprime une hésitation à cause de la circulation.)  
?:????????????????? (Elle propose alors d’aller à la piscine.)  
?:???????????? (Lui propose plutôt d’aller au cinéma.)  
?:???????????? (Elle s’étonne de l’idée d’aller au cinéma alors qu’il fait si beau.)  
?:??????????????? (Finalement, il suggère d’aller nager.)  
Réponse à la question À la fin, ils décident d’aller nager, donc ils vont à la piscine. 
La bonne réponse est : ???? (piscine).";1991_N3_2.jpg
1991;N3;"???????: (3) ??????????? 
?:???????????????????????????????????????????? 
?:??? 
?:????? ??????????? 
?:??? ??????????? ";A;A ;B;C;D;"Analyse du dialogue 
?:????????????????????????????????????????????? (M. Yamada, nous allons utiliser le magnétophone pendant le cours, donc veuillez l’apporter.)  
?:???? (D’accord.)  
?:????????????????? (Laissez la porte ouverte.)  
?:???? (D’accord.)  
Réponse à la question 
???????????? “Que devient la classe ? / Comment sera la salle de classe ?” 
La réponse : Dans la classe, le magnétophone sera apporté, et la porte restera ouverte.";1991_N3_3.jpg
1991;N3;"???????: (4) ??????????? 
?:????????????????????????????????????????????????????? ??????????????????????????????????????????????????????????????????? ? ?????????? ";A;A ;B;C;D;"Analyse du dialogue 
??????????????????????????????? (Veuillez garer votre voiture. Le parking se trouve à l’arrière du bâtiment.)  
????????????????????????????? (Merci de ne pas stationner devant le bâtiment ni près de l’étang.)  
Réponse à la question 
???????????? “Où gare-t-on la voiture ?” 
Réponse : Il faut stationner la voiture sur le parking derrière le bâtiment, et non pas devant le bâtiment ni près de l’étang.";1991_N3_4.jpg
1991;N3;"???????: (5) ??????????????????????????????????? 
?:???????????????????????? 
?:?????? ????????????? 
?:??? 
?:??????????????????????????? 
?:???????????????????? ???? 
?:?????????????? ???????????? ";B;A ;B;C;D;"Ceci est un appareil photo. Lorsque vous prenez une photo dans un endroit sombre, quel bouton appuyez-vous ?
 Femme : Quand on prend une photo dans un endroit sombre, que doit-on faire ? 
Homme : Il y a trois boutons sur le côté gauche de l’appareil. 
Femme : Oui. 
Homme : Parmi les trois boutons à gauche, appuyez sur le plus grand bouton. 
Femme : Euh, c’est le bouton tout à droite parmi les trois boutons, n’est-ce pas ? 
Homme : Oui, appuyez sur celui-là. Quel bouton appuyez-vous ?";1991_N3_5.jpg
1991;N3;"???????: (6) ???????????????? 
?:????????????????1?????? 
?:??1??????????30??????????? ????1??????????????????2??????? 
?:2????????????? 
???????????????? ";D;A ;B;C;D;"????????????????? L’homme : Alors, à quelle heure viens-tu me chercher ? Il est actuellement 1h30. 
La femme : Il est 1h30 ? Eh bien, je pense que ça prendra 30 minutes à la banque, puis environ une heure pour faire les courses. Alors, est-ce que dans deux heures ça ira ? 
L’homme : Dans deux heures ? D’accord. À plus tard.  ????????????????? 
À quelle heure l’homme viendra-t-il te chercher ? 
Réponse : Dans deux heures à partir de 1h30, donc à 3h30.";1991_N3_6.jpg
1991;N3;"???????: (7) ??????????? 
?:??????????????? 
?:????????????????????????????????????? ???????????????????????????? 
?:???????????????? 
?:???????? ??????????? ";B;A ;B;C;D;"Homme : Excusez-moi, où est ???? ? 
Femme : ?????????????????????????????????????????????????????????????????? (L
in-san ? Il était à côté du piano tout à l’heure. Cette personne-là, ce n’est pas lui. La personne assise sur la chaise est M. Tanaka, et ah, là-bas, il regarde un tableau.) 
Homme : Ah, c’est la personne avec les longs cheveux. 
Femme : Oui, c’est ça.  
La personne qui est ???? est donc celle aux longs cheveux qui regarde un tableau au loin.";1991_N3_7.jpg
1991;N3;"???????: (8) ???????????? 
?:?????????????????????? 
?:????????????????? 
?:??????
?:21?? ?? 
?:?????????????? 
?:?????????? ???????????? ";C;A ;B;C;D;"Femme : Excusez-moi, mais c’est ma place ici. 
Homme : Vraiment ? Euh, alors peut-être à côté. 
Femme : Quel numéro ? 
Homme : C’est le numéro 21. 
Femme : Alors, ce n’est pas la place juste devant ? 
Homme : Oui, c’est la place devant, côté fenêtre.  
Quelle est la place de l’homme ? La place de l’homme est la numéro 21, juste devant celle de la femme, située côté fenêtre.";1991_N3_8.jpg
1991;N3;"???????: (9) ???????????????????????????????????????????? 
?:????3????????????????1?? ??????????????4?????????? 
?:2?????????? 
?:??2???3???????????? 
?:?????????? ?????????????";A;A ;B;C;D;"Il y a quatre boîtes. Veuillez les placer selon les instructions de la femme. 
Femme : D'abord, placez la boîte numéro 3. Ensuite, placez la boîte numéro 1 dessus, puis mettez la boîte numéro 4 tout en haut. 
Homme : Et la boîte numéro 2, que fait-on ? 
Femme : Ah, la boîte numéro 2, veuillez la mettre à côté de la boîte numéro 3. 
Homme : D'accord, compris.  
Comment placer les boîtes ? Les boîtes sont placées ainsi : la boîte 3 en bas, la boîte 1 dessus, la boîte 4 tout en haut empilée, et la boîte 2 à côté de la boîte 3.";1991_N3_9.jpg
1991;N3;"???????: (10) ????????????????????????
?:???????????????????????????????? 
?:??????? ????????????? 
?:???? 
?:????????????????????????????????????????????????? 
?:??? ?:????????????????????????? 
?:?????????? ?????????????? ";D;A ;B;C;D;"Traduction française : Script d'écoute : (10) Un homme est allé à la piscine. Quel est l'ordre des actions ? 
Homme : Excusez-moi, j'aimerais aller à la piscine, où puis-je acheter un ticket ? 
Femme : Avez-vous un bonnet ? Un bonnet de natation. 
Homme : Non. 
Femme : Alors, achetez un bonnet là-bas. Ensuite, venez ici et écrivez votre nom et votre adresse dans ce cahier. 
Homme : Oui. 
Femme : Après cela, achetez un ticket à la machine là-bas. 
Homme : Oui, j'ai compris. Quel est l'ordre des actions de l'homme ?";1991_N3_10.jpg
1991;N3;"???????: (11) ???????????????? 
?:??????????????????????????????… 
?:?????????????? ???????? 
?:??????????????????????????? 
?:???????????????????????? 
?:?????? ???? ???????????????? ";C;A ;B;C;D;"Script d'écoute : (11) Dans quelle chambre l'homme va-t-il loger ? 
Homme : Excusez-moi, avez-vous des chambres de libres ? J'aimerais bien une chambre avec vue sur la mer... 
Femme : Le côté mer est une chambre avec des tatami, est-ce que cela vous convient ? 
Homme : Hmm, une chambre avec des tatami, c'est un peu... N'y a-t-il pas de chambre avec un lit ? 
Femme : Nous en avons, oui. Mais ce sera une chambre avec vue sur la montagne. Homme : Ah, cela me va très bien. Dans quelle chambre l'homme va-t-il loger ?  
Réponse (implicite dans le dialogue) : L'homme va loger dans la chambre avec un lit et vue sur la montagne (??????????????).";1991_N3_11.jpg
1991;N3;"???????: (1) ???????????????? 
?:???????????????????????????????? 
?:??????????????? ??? 
?:???????????????????????? 
?:?????????????????????????? 
??????????? ????? 
1. ???????? 
2. ?????? 
3. ??????? 
4. ??????? ";A;A ;B;C;D;"Script d'écoute : (1) Comment Monsieur Tanaka vient-il à l'entreprise ? 
Femme : Comment Monsieur Tanaka vient-il toujours à l'entreprise ? En train, ou en bus ? 
Homme : Non, il vient à vélo. 
Femme : Ah, à vélo ? Il ne conduit pas de voiture ? 
Homme : Non, le matin, les routes sont encombrées. Le vélo est plus rapide. 
Comment Monsieur Tanaka vient-il à l'entreprise ? 
1. Il vient à vélo. 
2. Il vient en voiture. 
3. Il vient en bus. 
4. Il vient en train.  
Réponse (selon le dialogue) : La bonne réponse est 1. ???????? (Il vient à vélo.)";Pas d’image
1991;N3;"???????: (2) ?????????????????????????????????????????? 
?:?????????????????????????? ???????????????????????????????????????????????????????????????????????? ?????????????????? 
?????????????? 
1. ????????? 
2. ???????? 
3. ?????????? 
4. ??? ????? ";B;A ;B;C;D;"Voici la traduction française du texte japonais :  ???????: (2) ?????????????????????????????????????????? 
(2) Mari est en train de préparer une fête avec ses amis.
?:?????????????????????????? ???????????????????????????????????????????????????????????????????????? ?????????????????? 
??????????????
 Femme : Bon, tout le monde, pourriez-vous m'aider un peu ? Aoki-san, veuillez essuyer la table. Et Honda-san, veuillez sortir les assiettes là-bas. Ensuite, Mari-san, je suis désolée, mais veuillez aligner les chaises là-bas. Et puis, Nakano-san, veuillez couper le gâteau. Que va faire Mari pour aider ? 
1. ?????????
1. Elle va couper le gâteau 
2. ????????
2. Elle va aligner les chaises. 
3. ??????????
3. Elle va essuyer la table.
4. ??? ?????  
4. Elle va sortir les assiettes.
Traduction française :  Script d'écoute : (2) Mari est en train de préparer une fête avec ses amis. Que va faire Mari pour aider ?1. Elle va couper le gâteau. 2. Elle va aligner les chaises. 3. Elle va essuyer la table. 4. Elle va sortir les assiettes.  
Réponse (selon le dialogue) : La phrase « ????????????????????????????????» indique que Mari va aligner les chaises. 
La bonne réponse est donc 2. ???????? (Elle va aligner les chaises.)";Pas d’image
1991;N3;"???????: (3) ????????????? 
?:????????????????? 
?:????3????????4??????1????? 
?:1????? ?: ????3?????????????? 
?:?????????? ????????????? 
1. 1???? 
2. 2???? 
3. 3???? 
4. 4????  ";C;A ;B;C;D;"Script d'écoute : (3) À quel étage vend-on des sacs ?
 Homme : Excusez-moi, je voudrais acheter un sac... 
Femme : Ah, les sacs sont au 3ème étage. Nous sommes au 4ème étage, donc c'est un étage en dessous. 
Homme : Au 1er étage ? 
Femme : Non, au 3ème étage. Descendez l'escalier là-bas. 
Homme : Ah, d'accord. À quel étage vend-on des sacs ? 
1. Au 1er étage. 
2. Au 2ème étage. 
3. Au 3ème étage. 
4. Au 4ème étage.  
Réponse (selon le dialogue) : La phrase « ??3???? » indique l'étage. 
La bonne réponse est donc 3. 3???? (Au 3ème étage.)";Pas d’image
1991;N3;"???????: (4) ???A????B????????????????????B???????????????????B?????? 
?:?????????? ??????????????A????9??????????????????????????B????10??????????????????? ????A????9??B????10?????????? 
B??????????????????? 
1. 9??????????? 
2. 9?????? ???? 
3. 10??????????? 
4. 10?????????? ";D;A ;B;C;D;"Script d'écoute : (4) Le professeur parle des plans de demain aux élèves des classes A et B. À quelle heure et où les élèves de la classe B doivent-ils se rassembler ? C'est pour la classe B. 
Homme : Demain, nous allons au musée d'art. Veuillez vous rassembler à l'école le matin. La classe A, veuillez venir à l'école à 9 heures. Ensuite, nous irons au musée d'art. La classe B, veuillez vous rassembler à l'école à 10 heures. Je le répète. La classe A est à 9 heures, la classe B est à 10 heures. C'est compris ? 
À quelle heure et où les élèves de la classe B doivent-ils se rassembler ? 
1. Ils se rassemblent au musée d'art à 9 heures. 
2. Ils se rassemblent à l'école à 9 heures. 
3. Ils se rassemblent au musée d'art à 10 heures. 
4. Ils se rassemblent à l'école à 10 heures.  
Réponse (selon le dialogue) : L'énoncé dit : « B????10????????????? » (La classe B, veuillez vous rassembler à l'école à 10 heures.) La bonne réponse est donc 4. 10?????????? (Ils se rassemblent à l'école à 10 heures.)";Pas d’image
1991;N3;"???????: (5) ???????????????????????????????????????????? 
?:?????????????????????? ???????????????????????????????????????????????????????2?????????????? ????????1?????????? 
????????????????? 
1. ????? 
2. ????1???? 
3. ????2???? 
4. ??? ?1???? ";C;A ;B;C;D;"Script d'écoute : (5) J'ai acheté une fleur. Je demande au fleuriste la fréquence d'arrosage. À quelle fréquence doit-on l'arroser pendant l'été ? 
Femme : N'arrosez pas trop cette fleur. Si vous l'arrosez trop, elle va dépérir. Normalement, une fois par semaine suffit, mais comme il fait chaud pendant l'été, arrosez-la, disons, environ deux fois par semaine. Pendant l'hiver, une fois par mois, c'est bien. 
À quelle fréquence doit-on l'arroser pendant l'été ? 
1. Tous les jours. 
2. Une fois par semaine. 
3. Deux fois par semaine. 
4. Une fois par mois.  
Réponse (selon le dialogue) : La phrase « ??????????????????????2????????????» indique la fréquence pour l'été. 
La bonne réponse est donc 3. ????2???? (Deux fois par semaine.)";Pas d’image
1991;N3;"???????: (6) ??????????????????????????????? 
?:??????????????? 
?:????????????4???? ??7???????? 
?:?????? ?:??????? ?:??? 
?:??????5??????????????????? 
?:????????? 6??5????????????? 
????????????????? 
1. 4???? 
2. 5???? 
3. 6??? 
4. 7???? ";C;A ;B;C;D;"Script d'écoute : (6) Une femme demande des photos. Quand la femme viendra-t-elle chercher les photos ? 
Femme : Euh, quand les photos seront-elles prêtes ? 
Homme : Ce sera dans trois jours. Aujourd'hui, c'est le 4, donc ce sera le 7. 
Femme : Ah, d'accord. Homme : Êtes-vous pressée ? 
Femme : Oui. 
Homme : Dans ce cas, si c'est après 17 heures la veille [du 7], elles seront prêtes. 
Femme : D'accord. Alors, je viendrai après 17 heures le 6. Merci d'avance. 
Quand la femme viendra-t-elle chercher les photos ? 1. Le 4. 2. Le 5. 3. Le 6. 4. Le 7.  
Réponse (selon le dialogue) : La femme dit : « ??? 6??5????????» (Alors, je viendrai après 17 heures le 6.) 
La bonne réponse est donc 3. 6??? (Le 6.)";Pas d’image
1991;N3;"???????: (7) ?????????????? ?:????????????????????????????????????? 
?:????????????? ??????????????????? 
?:????????????????????????? 
?????????????? 
1. ???????? 
2. ????????? 
3. ???????? 
4. ???????  ";B;A ;B;C;D;"Script d'écoute : (7) Que va faire la femme en premier ? 
Femme : Euh, j'ai reçu un appel de la banque tout à l'heure, est-ce que je peux aller à la banque maintenant ? 
Homme : Ah, allez-y. Dans ce cas, ce n'est pas très agréable, mais pourriez-vous poster cette lettre aussi ? 
Femme : Oui. Alors, je passerai d'abord par la poste (bureau de poste) et ensuite j'irai à la banque. 
Que va faire la femme en premier ? 
1. Écrire une lettre. 
2. Aller à la poste (bureau de poste). 
3. Aller à la banque. 
4. Téléphoner. 
Réponse (selon le dialogue) : La femme dit : « ?????????????????????? » (Alors, je passerai d'abord par la poste et ensuite j'irai à la banque.) 
La bonne réponse est donc 2. ????????? (Aller à la poste/bureau de poste.)";Pas d’image
1991;N3;"???????: (1) ?????????????????????????????????????? 
?:????????????30???????????????? ???????????????????????????????????????5????????? ?????????????????????? ??????????
 ???????????????? 
1. 5????????? 
2. ?????????? 
3. ????????? 
4. ??????? ??  ";D;A ;B;C;D;"Script d'écoute : (1) Le professeur du club de sport de la ville donne des instructions. Que faut-il faire après avoir couru ? 
Homme : Bien, nous allons courir ensemble pendant environ 30 minutes, mais, euh, ne vous arrêtez pas et ne vous asseyez pas immédiatement après avoir couru. D'accord ? Après avoir couru, marchez tranquillement pendant environ 5 minutes, puis reposez-vous. Après cela, vous pouvez boire de l'eau. Que faut-il faire après avoir couru ? 
1. S'asseoir pendant environ 5 minutes. 
2. S'allonger et se reposer. 
3. Boire de l'eau immédiatement. 
4. Marcher tranquillement.  
Réponse (selon le dialogue) : L'énoncé dit : « ??????????5????????? ?? » (Après avoir couru, continuez simplement, marchez tranquillement pendant environ 5 minutes).
 La bonne réponse est donc 4. ????????? (Marcher tranquillement.)";Pas d’image
1991;N3;"???????: (2) ???????????? 
?1:????????????????????????? 
?2:?????????? ?1:?????????????? ??????? ?:???????????? 
?1:????????????? 
???????????? 
1. ???????
2. ??????? ?? 
3. ????????????? 
4. ??????????????? ";B;A ;B;C;D;"Script d'écoute : (2) Qu'est-ce qui est autorisé à circuler sur cette route ? 
Homme 1 : Ah, attendez, les motos ne sont pas autorisées à circuler sur cette route. 
Homme 2 : Ah, vraiment ? Homme 1 : Oui, les motos et les voitures ne sont pas autorisées à circuler sur cette route. Femme : Euh, et les vélos aussi ? 
Homme 1 : Non, les vélos sont autorisés (ce n'est pas un problème). 
Qu'est-ce qui est autorisé à circuler sur cette route ? 
1. Les voitures sont autorisées à circuler. 
2. Les vélos sont autorisés à circuler. 
3. Les motos et les voitures sont autorisées à circuler. 
4. Les motos et les vélos sont autorisés à circuler.  
Réponse (selon le dialogue) :  Motos (?????) : Interdites (« ????? »)  Voitures (?) : Interdites (« ????? »)  Vélos (???) : Autorisés (« ????? »)  
La bonne réponse est donc 2. ????????? (Les vélos sont autorisés à circuler.)";Pas d’image
1991;N3;"???????: 
??????????????????????????????5???????????????????? 
?:????????????? ???????? 
?:????????????????3????????????8?????? 
?:????????????????????? ????? 
?:??????????
?:?????? ??????????? 
1. ?????? 
2. ?????? 
3. ?????? 
4. ?????? ";C;A ;B;C;D;"Script d'écoute :Monsieur Tanaka a l'intention d'aller à l'hôpital après le travail, mais son entreprise ferme à 17h00 (5 heures de l'après-midi). Quel jour pourra-t-il aller à l'hôpital ?
Homme : Excusez-moi, jusqu'à quelle heure l'hôpital est-il ouvert ?
Femme : Oui. Du lundi au jeudi, c'est jusqu'à 15h00 (3 heures de l'après-midi). Le vendredi, c'est jusqu'à 20h00 (8 heures de l'après-midi).
Homme : Ah, le vendredi, c'est ouvert jusqu'à tard, n'est-ce pas ? Et le samedi ?
Femme : Le samedi, c'est fermé.Homme : Je vois
Quel jour pourra-t-il y aller ?
1. Lundi.
2. Jeudi.
3. Vendredi.
4. Samedi.

Analyse de la situation :Heure de fin de travail de M. Tanaka : 
17h00 (5 PM)Horaires de l'hôpital :Lundi - Jeudi : jusqu'à 15h00 (3 PM)  Trop tôt pour M. Tanaka.
Vendredi : jusqu'à 20h00 (8 PM)  Accessible après 17h00.
Samedi : Fermé  Impossible.
Réponse (selon le dialogue) : Le seul jour où l'hôpital est encore ouvert après 17h00 est le vendredi. 
La bonne réponse est donc 3. ?????? (Vendredi.)";Pas d’image
1991;N3;"???????: (4) ??????????????? 
?:????????????????? 
?:???????????????????????????????? ??????????? 
?:????????????????? 
?:???????????????????????????????????? 
?:? ??????? 
??????????????? 
1. ??????????????? 
2. ????????????????????? 
3. ?????? ??????????????? 
4. ??????????????????????????? ";D;A ;B;C;D;"Script d'écoute : (4) Qu'a fait la femme hier ?
Homme : Vous êtes allée acheter un livre hier, n'est-ce pas ?
Femme : Oui, mais je n'ai pas pu aller à la librairie. Je suis allée jeter un œil au magasin de disques et je n'ai plus eu le temps.
Homme : Et, quel disque avez-vous acheté ?
Femme : J'en ai regardé plusieurs, mais je n'ai rien trouvé de bien. Je suis rentrée sans rien acheter.
Homme : Ah, vraiment ?Qu'a fait la femme hier ?
1. Elle est allée à la librairie et a acheté un livre.
2. Elle est allée à la librairie, mais n'a pas acheté de livre.
3. Elle est allée au magasin de disques et a acheté un disque.
4. Elle est allée au magasin de disques, mais n'a pas acheté de disque.
Analyse de la situation :
Action 1 (Librairie) : Elle n'a pas pu y aller. (« ???????????????»)  Élimine les choix 1 et 2.
Action 2 (Magasin de disques) : Elle y est allée (« ???????????? ») et a regardé, mais n'a rien acheté (« ???????????????»).
Réponse (selon le dialogue) : 
La bonne réponse est 4. ??????????????????????????? (Elle est allée au magasin de disques, mais n'a pas acheté de disque.)";Pas d’image
1991;N3;"???????: (5) ???????????????????????????????? 
?:?????????????????????????? 
?:????? ??????????? 
?:???????????? 
?:10???1??????????????4???1??????????? 
?:?????? 
? ?????????????????? 
1. ?????? 
2. 2????? 
3. 3????? 
4. 4?????  ";B;A ;B;C;D;"Script d'écoute : (5) M. Tam est actuellement au Japon. Combien de fois M. Tam est-il venu au Japon ? 
Femme : Est-ce la première fois que vous venez au Japon, M. Tam ? 
Homme : Non, je suis déjà venu auparavant. 
Femme : Quand êtes-vous venu ? 
Homme : Je suis venu une fois il y a 10 ans pour une courte période, et ensuite, je suis resté au Japon pendant environ un an, il y a 4 ans. 
Femme : Je vois. 
Combien de fois M. Tam est-il venu au Japon ? 
1. C'est la première fois. 
2. C'est la deuxième fois. 
3. C'est la troisième fois. 
4. C'est la quatrième fois.  
Analyse des visites de M. Tam au Japon :  
1ère fois : Il y a 10 ans, pour une courte période.  
2ème fois : Il y a 4 ans, pour environ un an.  
3ème fois : L'actuelle visite (celle mentionnée dans l'énoncé : « ?????????????» - M. Tam est maintenant au Japon).  
Réponse (selon le dialogue) : En comptant la visite actuelle, c'est la troisième fois. La bonne réponse est donc 3. 3????? (C'est la troisième fois.)";Pas d’image
1991;N3;"???????: (6) ????????????????????????????? 
?:????????????? 
?:????????????? 
?:?????? ????????????????? 
?:?????????????????????????? 
?:??????????? 
?????????????? 
1. ????????????? 
2. ???????????????????? 
3. ???????????????????? 
4. ??????? ??????";A;A ;B;C;D;"Script d'écoute : (Un homme et une femme parlent. Les deux vont-ils à la fête ?
Homme : Allez-vous à la fête de demain ?
Femme : Je ne peux pas y aller. Et vous ?
Homme : J'ai l'intention d'y aller, mais je n'ai pas encore décidé.
Femme : Si vous y allez, alors racontez-moi comment c'était.
Homme : Ah, d'accord, je ferai ça.
Les deux vont-ils à la fête ?
1. L'homme et la femme y vont tous les deux.
2. L'homme y va, mais la femme n'y va pas.
3. L'homme n'y va pas, mais la femme y va.
4. Ni l'homme ni la femme n'y vont.
Analyse de la situation :
La femme : Elle dit « ??????? » (Je ne peux pas y aller). Elle n'y va pas.
L'homme : Il dit « ?????????????????????? » (J'ai l'intention d'y aller, mais je n'ai pas encore décidé). Cependant, il conclut par « ???????? » (D'accord, je ferai ça) en réponse à la femme qui lui demande de lui raconter la fête s'il y va. 
Le dialogue ne confirme pas une décision finale de l'homme, mais puisque la femme n'y va pas, on peut écarter les options qui incluent sa participation (1 et 3).
Si on prend le dialogue littéralement, l'homme n'a pas encore décidé, mais la femme n'y va pas. 
Dans le contexte de ce type d'exercice, on doit souvent interpréter la situation la plus probable basée sur les affirmations claires.
Femme : N'y va pas.Homme : A l'intention d'y aller (mais n'a pas encore décidé).
Si l'homme y va et la femme non, ce serait l'option 2. 
Si aucun des deux n'y va, ce serait l'option 4. Étant donné que l'homme dit qu'il a l'intention d'y aller et accepte de raconter, on est souvent dirigé vers l'intention positive.
Cependant, en l'absence de confirmation claire, la seule certitude est que la femme n'y va pas. 
Si l'homme n'a pas pris de décision, alors l'option 4 serait techniquement incorrecte si jamais il y va. L'option 2 (Homme y va, Femme non) est la réponse la plus probable attendue dans un tel exercice, car l'homme exprime l'intention d'y aller.
Réponse (la plus probable) : La femme n'y va pas, et l'homme a l'intention d'y aller et accepte de rapporter. 
La réponse attendue est généralement celle-ci : 
2. ???????????????????? (L'homme y va, mais la femme n'y va pas.)";Pas d’image
1991;N3;"???????: (7) ?????????????????????????????????????????? 
?:???????????????????????? ??? 
?:????????????????????????????????????????????????????????????????? ???????????????????? 
?:????????? ?:????????? 
????????????????????????? 
1. ?? ????????????? 
2. ?????????????? 
3. ????????????????? 
4. ???????????????? ";C;A ;B;C;D;"Script d'écoute : (7) Un homme parle avec un médecin à l'hôpital. À quoi l'homme doit-il faire attention ?
Homme : Euh, Docteur, à quoi devrais-je faire attention ?
Femme : Eh bien, dans votre cas, vous pouvez manger n'importe quoi. Par contre, vous devez arrêter de faire de l'exercice pendant un certain temps. Ce n'est pas bon pour cette maladie. Quant aux médicaments, vous n'aurez probablement pas besoin d'en prendre.
Homme : Et le tabac ?
Femme : Ah, ce n'est pas un problème (vous pouvez fumer).
À quoi l'homme doit-il faire attention ?
1. Il doit arrêter de faire de l'exercice.
2. Il doit prendre des médicaments.
3. Il doit faire attention à la nourriture.
4. Il doit arrêter de fumer.Analyse de la situation :Nourriture (???) : « ??????????? » (Vous pouvez manger n'importe quoi).  Pas de restriction.
Exercice (??) : « ?????????????????? » (Vous devez arrêter l'exercice pendant un certain temps). 
Obligation.Médicaments (?) : « ?????????????? » (Vous n'aurez probablement pas besoin d'en prendre). 
 Pas d'obligation.Tabac (???) : « ?????? » (Ce n'est pas un problème). 
Pas de restriction.Réponse (selon le dialogue) : La seule chose que l'homme doit faire est d'arrêter de faire de l'exercice. 
La bonne répréponse est donc 1. ??????????????? (Il doit arrêter de faire de l'exercice.)";Pas d’image
1991;N3;"???????: (8) ???????????????????? 
?:????????????? 
?:6?????? 
?:????????? 
?:????????? ?????? 
?:????????????????????? 
???????????????????? 
1. 2????? 
2. 3????? 
3. 4? ???? 
4. 5????? ";B;A ;B;C;D;" Script d'écoute : Quel rang (en partant de l'aîné) M. Tanaka occupe-t-il dans sa fratrie ? 
Femme : Combien de frères et sœurs avez-vous, M. Tanaka ? 
Homme : Nous sommes six frères et sœurs. 
Femme : Ah. Êtes-vous l'aîné ? 
Homme : J'ai deux frères aînés (ani) et une sœur aînée (ane) au-dessus de moi. 
Femme : Ah, deux frères aînés et une sœur aînée ? 
Quel rang (en partant de l'aîné) M. Tanaka occupe-t-il dans sa fratrie ? 
1. Le 2ème. 
2. Le 3ème. 
3. Le 4ème. 
4. Le 5ème.  
Analyse de la situation :  M. Tanaka a des aînés au-dessus de lui :  Frère aîné 1 (? ani)  Frère aîné 2 (? ani)  Sœur aînée 1 (? ane)  M. Tanaka lui-même  
M. Tanaka est la quatrième personne dans l'ordre de naissance (en partant du plus âgé).  
Réponse (selon le dialogue) : M. Tanaka est le 4ème enfant. 
La bonne réponse est donc 3. 4????? (Le 4ème.)";Pas d’image
1991;N3;"???????: ????????????????????? 
?:????????????????????????????????????????????
?:??????????????????????????? 
????????????????????? 
1. ??????? 
2. ?????? 
3. ??????? 
4. ??????? ";A;A ;B;C;D;"Script d'écoute : Qui est la personne la plus grande dans la famille de Tar? ? 
Femme : Tar?-san, votre petit frère a bien grandi ! N'est-il pas déjà plus grand que vous ? 
Homme : Non, il est encore plus petit que moi, mais il est plus grand que mon père et ma mère. 
Qui est la personne la plus grande dans la famille de Tar? ? 
1. Tar?. 
2. Son petit frère. 
3. Son père. 
4. Sa mère.
Analyse de la taille :La femme pense : Le petit frère (?) Tar? (??).Tar? corrige : Petit frère (?)  Tar? (??).
Tar? déclare : Petit frère (?)  Père (?) et Mère (?).
En combinant ces informations :
Père et Mère sont les plus petits. Le Petit frère est plus grand que le Père et la Mère, mais plus petit que Tar?.Tar? est le plus grand. 
{Tar?} > {Petit frère} > {Père} { et } {Mère}) (selon le dialogue) : La personne la plus grande est Tar?. 
La bonne réponse est donc 1. ??????? (Tar?.)";Pas d’image
